worker_id,category,user_zone,worker_zone,available,weekly_gigs,rating,completed_jobs,acceptance_rate,cancellation_rate,response_minutes,price,budget,distance_km,successful_booking
58,Plumber,East,South,1,11,3.2,189,0.95,0.03,110,265,361,2.8,1
14,Electrician,West,South,1,4,4.6,1,0.88,0.05,110,896,869,4.3,0
173,Plumber,North,West,1,13,3.7,67,0.9,0.22,139,455,1075,2.4,0
186,Electrician,North,North,1,12,3.6,20,0.93,0.26,99,769,1228,16.1,0
190,Carpenter,South,East,1,10,4.3,155,0.82,0.16,64,534,1246,9.8,0
286,Electrician,East,North,1,0,4.6,102,0.63,0.06,147,844,735,16.6,0
235,Electrician,East,South,1,8,4.1,191,0.79,0.27,104,941,749,24.9,1
253,Plumber,North,North,1,2,4.6,108,0.8,0.12,154,1158,1383,6.7,0
6,Plumber,East,East,1,6,3.3,0,0.98,0.26,69,1225,665,12.9,0
153,Electrician,South,East,1,8,4.9,135,0.96,0.18,127,239,529,23.3,0
158,Electrician,North,South,0,1,3.2,124,0.91,0.29,138,457,562,16.7,0
85,Carpenter,West,South,0,12,4.5,51,0.86,0.12,173,964,1197,22.5,0
127,Electrician,North,East,1,8,3.5,56,0.5,0.21,17,668,438,22.7,0
37,Electrician,East,West,1,2,4.4,146,0.79,0.07,123,1033,689,2.8,0
182,Mechanic,West,West,0,0,4.3,165,0.55,0.12,88,423,809,5.2,0
72,Mechanic,South,East,1,13,4.8,113,0.9,0.26,27,303,1407,21.0,0
122,Electrician,West,West,1,13,3.8,15,0.58,0.0,101,743,1231,7.5,0
285,Mechanic,South,South,1,0,4.2,138,0.53,0.09,14,1396,1276,12.8,0
81,Plumber,North,South,1,1,4.4,60,0.7,0.28,147,704,1485,15.1,0
215,Carpenter,East,South,1,5,3.5,101,0.57,0.19,119,847,448,0.7,0
289,Plumber,North,South,1,2,4.9,17,0.94,0.11,42,1097,1412,17.7,0
271,Plumber,East,North,0,2,3.5,27,0.87,0.05,74,1438,731,18.1,0
136,Mechanic,East,North,1,6,4.7,11,0.5,0.23,165,736,630,18.7,0
219,Plumber,North,North,0,11,4.8,139,0.52,0.11,143,503,1180,3.6,1
21,Carpenter,South,South,1,5,4.6,104,0.99,0.22,62,532,662,22.1,1
171,Mechanic,South,East,1,11,3.2,9,0.93,0.07,119,916,925,20.6,0
115,Plumber,South,West,1,13,3.1,197,0.64,0.19,104,1298,978,23.5,0
134,Electrician,East,North,1,6,3.7,80,0.72,0.3,31,988,1480,5.2,1
224,Plumber,South,East,1,10,4.8,159,0.66,0.25,78,1238,933,16.8,1
152,Electrician,South,West,1,6,4.4,44,0.81,0.09,142,200,922,7.5,0
297,Carpenter,West,West,1,3,4.0,188,0.58,0.03,133,1496,1568,8.7,0
121,Carpenter,South,South,1,0,3.5,121,0.81,0.23,118,1048,1589,14.6,0
197,Mechanic,West,South,1,11,3.0,192,0.93,0.27,110,648,660,20.2,0
238,Plumber,South,North,1,12,3.9,135,0.99,0.18,115,1454,1333,11.0,0
229,Electrician,West,West,1,3,4.7,70,0.88,0.16,162,689,862,11.3,0
121,Carpenter,East,East,0,1,3.3,59,0.69,0.05,56,331,1149,10.5,0
213,Plumber,South,West,1,12,4.2,178,0.51,0.26,149,979,1276,0.6,1
200,Mechanic,South,West,1,6,4.0,99,0.67,0.2,105,538,1257,23.0,0
274,Plumber,West,North,1,6,3.3,118,0.59,0.08,85,633,1231,8.5,0
195,Carpenter,West,East,1,7,3.0,138,0.53,0.29,59,340,382,19.0,0
103,Plumber,South,South,1,10,3.2,55,0.73,0.08,96,543,1540,15.4,0
59,Electrician,East,North,1,14,3.6,173,0.95,0.11,52,355,1512,17.4,0
53,Carpenter,North,North,1,6,4.3,17,0.75,0.1,109,1203,516,11.1,0
236,Electrician,West,South,1,10,3.5,137,0.89,0.14,153,749,960,21.4,0
45,Carpenter,West,South,1,9,4.2,97,0.67,0.15,85,572,1298,5.7,0
175,Carpenter,East,North,1,3,3.2,184,0.7,0.17,63,1175,1305,11.5,1
151,Electrician,West,South,1,9,3.7,141,0.77,0.13,142,877,1020,17.7,0
129,Electrician,North,South,1,11,4.1,195,0.85,0.06,125,766,1507,24.4,0
145,Plumber,South,East,1,2,3.6,181,0.77,0.08,15,1333,898,17.6,1
252,Plumber,North,East,1,7,3.7,13,0.63,0.26,31,333,1120,12.5,0
28,Electrician,South,East,1,3,3.2,195,0.71,0.18,160,662,1370,9.8,0
153,Mechanic,East,North,1,11,3.2,195,0.6,0.06,171,366,621,6.4,0
81,Plumber,West,West,1,7,3.6,59,0.64,0.08,118,345,778,23.1,0
102,Mechanic,North,South,1,14,3.5,36,0.54,0.05,80,1418,1465,23.1,0
240,Carpenter,West,East,1,7,3.9,153,0.52,0.13,84,1436,812,1.1,1
295,Plumber,East,North,1,2,3.9,166,0.72,0.08,151,1092,1600,20.4,0
241,Carpenter,West,East,1,1,4.7,84,0.71,0.15,171,1020,1426,1.4,1
130,Carpenter,North,West,0,13,5.0,168,0.93,0.14,15,584,1361,9.4,1
227,Plumber,South,East,1,14,3.6,178,0.74,0.01,163,1446,790,17.9,0
8,Mechanic,North,South,0,14,3.2,30,0.82,0.05,76,1242,859,10.7,0
242,Electrician,West,South,1,14,4.2,191,0.94,0.26,72,1049,996,23.4,0
2,Carpenter,East,West,0,7,4.1,88,0.67,0.23,98,1132,959,21.8,0
123,Mechanic,South,West,1,11,3.9,97,0.69,0.2,168,511,1314,24.1,0
170,Plumber,West,North,1,7,3.0,36,0.7,0.2,41,353,1261,19.6,0
204,Plumber,East,West,0,10,4.4,194,0.74,0.16,160,340,780,16.0,0
117,Plumber,West,North,1,11,4.7,113,0.58,0.09,9,294,964,20.0,1
192,Mechanic,South,South,1,9,4.4,46,0.58,0.02,99,1469,793,12.7,0
119,Mechanic,East,West,1,0,4.8,119,0.95,0.2,42,351,1204,23.7,0
154,Mechanic,East,West,1,3,5.0,123,0.55,0.11,93,1377,905,24.8,1
203,Carpenter,North,North,0,11,4.0,73,0.89,0.07,92,648,689,15.7,0
71,Plumber,North,East,1,0,4.2,187,0.57,0.27,85,1050,659,5.4,0
188,Carpenter,South,East,0,7,4.9,75,0.87,0.1,31,1159,454,3.9,0
204,Carpenter,North,West,1,8,3.2,94,0.84,0.2,151,980,1060,3.2,0
13,Carpenter,South,North,1,7,4.8,77,0.82,0.04,13,276,923,24.9,1
121,Electrician,West,West,1,11,4.4,138,0.71,0.22,41,1049,502,20.9,0
144,Plumber,East,South,1,3,4.7,25,0.99,0.11,167,934,424,10.3,0
63,Mechanic,North,South,1,9,4.9,12,0.89,0.07,34,1356,720,2.2,0
107,Electrician,South,East,1,12,4.8,0,0.64,0.3,35,1306,813,20.1,1
14,Electrician,North,East,1,3,4.2,4,0.59,0.02,109,1277,532,18.8,0
186,Plumber,West,South,0,0,4.5,168,0.76,0.14,9,324,1280,21.3,1
56,Mechanic,West,North,0,5,4.2,16,0.56,0.19,151,1323,965,9.8,0
151,Mechanic,West,North,1,1,4.7,166,0.94,0.17,57,1080,1224,22.3,1
233,Mechanic,West,North,1,5,4.3,95,0.98,0.21,123,337,486,20.9,1
50,Carpenter,South,North,1,8,4.1,171,0.56,0.11,172,1066,405,24.2,0
181,Plumber,South,South,1,3,4.7,89,0.92,0.11,73,1375,763,20.3,0
286,Plumber,East,North,1,11,4.5,86,0.68,0.05,38,1359,1120,2.2,0
16,Plumber,South,West,1,5,3.3,79,0.86,0.23,147,1421,473,22.1,0
26,Plumber,East,West,1,7,4.2,106,0.64,0.23,31,906,1180,3.2,0
250,Carpenter,North,South,1,9,3.1,52,0.65,0.06,37,723,892,8.5,1
221,Electrician,South,West,1,3,4.0,171,0.9,0.02,12,1093,338,11.8,1
161,Mechanic,West,West,1,6,3.0,83,0.59,0.28,119,941,480,11.2,0
224,Mechanic,North,West,0,11,3.7,85,0.89,0.02,164,433,1386,13.0,0
179,Carpenter,South,South,1,4,3.4,154,0.58,0.23,21,562,1586,12.6,0
297,Mechanic,East,East,1,1,3.9,161,0.65,0.08,16,920,1339,2.3,1
20,Plumber,East,East,1,13,5.0,23,0.81,0.15,120,1388,1435,23.9,0
22,Mechanic,South,East,1,8,3.3,15,0.73,0.24,89,372,1333,16.3,1
225,Mechanic,South,East,1,4,3.8,198,0.67,0.18,163,885,434,8.6,0
198,Carpenter,East,South,1,9,4.3,89,0.66,0.2,171,1002,564,15.1,0
159,Mechanic,East,South,1,13,4.9,175,0.96,0.03,173,1067,1341,9.4,1
93,Electrician,East,West,1,2,3.3,75,0.92,0.03,140,1278,377,16.7,0
68,Mechanic,South,South,1,11,4.5,42,0.86,0.01,95,686,1209,15.5,0
230,Electrician,South,East,0,12,3.9,49,0.68,0.28,114,1145,877,19.6,0
215,Electrician,South,South,0,0,4.3,95,0.78,0.03,134,455,883,2.6,1
231,Electrician,West,North,0,3,4.6,89,0.97,0.12,103,1228,1065,6.3,0
192,Electrician,North,East,0,13,4.4,85,0.9,0.04,75,1167,584,19.1,0
3,Plumber,North,East,1,2,4.1,186,0.8,0.13,75,686,916,3.5,1
235,Plumber,North,West,1,0,4.3,147,0.62,0.04,111,203,1559,9.1,0
96,Plumber,East,North,0,8,4.0,129,0.78,0.12,122,289,1092,24.5,0
9,Carpenter,North,East,1,10,4.3,197,0.79,0.23,36,290,1021,13.9,0
90,Mechanic,West,South,1,1,4.4,117,0.52,0.06,53,285,946,23.4,0
279,Mechanic,East,North,1,3,3.6,199,0.52,0.2,71,454,1053,11.2,0
226,Mechanic,East,South,1,7,3.7,132,0.63,0.02,110,361,1181,15.3,0
280,Carpenter,East,North,1,10,3.6,114,0.8,0.13,178,1109,1019,11.5,0
181,Mechanic,East,North,1,10,3.8,131,0.9,0.2,9,492,1544,17.1,1
65,Plumber,South,East,1,9,3.1,39,0.84,0.28,97,1109,457,14.6,0
204,Carpenter,East,South,0,0,4.5,127,0.76,0.27,32,736,833,17.7,1
147,Mechanic,South,North,1,1,3.9,182,0.72,0.03,176,854,1011,17.9,0
149,Carpenter,South,South,1,8,3.4,51,0.9,0.07,128,253,1039,14.1,0
283,Electrician,North,North,1,11,4.4,134,0.71,0.12,149,351,556,24.3,0
231,Mechanic,East,South,0,12,4.1,150,0.59,0.29,112,1229,413,20.9,0
156,Electrician,South,East,0,3,3.7,132,0.95,0.25,66,602,1600,23.9,0
156,Plumber,South,South,1,9,4.4,154,0.67,0.28,12,258,466,1.6,1
296,Carpenter,South,West,1,0,4.0,160,0.77,0.19,79,1189,801,20.2,0
153,Mechanic,North,North,1,6,4.0,52,0.67,0.04,83,907,1116,3.7,1
288,Plumber,East,South,1,4,3.9,36,0.55,0.09,100,1460,1156,6.6,0
82,Carpenter,East,South,1,7,5.0,119,0.75,0.09,7,384,1105,12.9,0
111,Carpenter,North,North,1,9,4.8,167,0.84,0.09,4,420,1182,3.8,1
188,Mechanic,East,North,1,9,4.1,92,0.78,0.02,131,1122,1426,7.4,0
61,Electrician,North,West,1,5,4.1,93,0.88,0.06,132,1022,1324,1.5,1
171,Mechanic,West,South,1,8,3.3,156,0.66,0.12,159,812,1515,8.7,0
273,Mechanic,East,West,1,5,3.7,28,0.99,0.18,178,1488,354,15.1,0
297,Electrician,North,West,1,10,4.4,198,0.92,0.04,176,696,364,14.5,0
98,Plumber,West,East,1,6,4.4,105,0.75,0.18,122,327,582,13.2,0
245,Mechanic,East,South,1,8,3.7,90,0.84,0.26,176,741,1549,12.4,0
143,Carpenter,South,East,1,11,3.4,180,0.74,0.14,145,760,889,3.5,0
195,Mechanic,East,South,1,4,4.9,20,0.67,0.13,67,1181,738,5.5,0
288,Carpenter,South,North,1,9,3.5,12,0.83,0.16,165,676,407,3.0,0
242,Plumber,South,North,0,14,3.3,167,0.97,0.26,124,608,888,8.4,0
46,Electrician,North,South,1,13,3.4,9,1.0,0.12,128,581,892,22.0,1
291,Plumber,East,East,1,10,4.1,126,0.94,0.04,131,1158,858,5.2,1
84,Mechanic,East,South,1,5,4.6,145,0.84,0.06,158,1030,1175,13.1,1
49,Electrician,South,West,1,3,3.0,98,0.62,0.23,86,818,1492,18.2,1
185,Electrician,North,North,1,2,3.8,128,0.96,0.27,81,440,904,9.5,1
69,Mechanic,South,West,1,9,3.7,179,0.77,0.14,139,647,806,17.2,0
42,Mechanic,East,North,0,1,3.1,140,0.95,0.06,139,506,636,8.5,0
60,Electrician,West,North,0,7,4.6,116,0.57,0.12,146,318,1444,11.8,0
12,Mechanic,East,North,1,9,3.1,108,0.67,0.02,17,341,1266,1.3,0
70,Mechanic,East,West,1,14,4.8,96,0.54,0.29,140,472,1012,3.4,0
202,Electrician,South,North,1,4,3.9,184,0.77,0.16,60,706,1243,9.0,1
58,Plumber,West,North,1,1,3.2,8,0.72,0.2,14,701,390,10.4,0
112,Plumber,South,East,1,14,4.5,81,0.79,0.23,84,685,918,22.0,0
267,Electrician,West,East,1,8,4.9,188,0.96,0.19,111,1338,1315,1.6,1
196,Carpenter,West,West,1,6,3.4,137,0.74,0.25,78,495,1248,22.9,0
214,Electrician,West,South,1,5,4.3,115,0.92,0.03,50,305,849,9.7,1
21,Plumber,South,South,1,13,4.8,77,0.98,0.0,50,440,1280,22.9,1
105,Mechanic,South,East,1,6,3.9,166,0.68,0.08,133,1218,1254,2.9,0
241,Carpenter,South,East,1,0,4.1,56,0.87,0.0,143,1396,1486,18.1,0
101,Carpenter,South,West,1,3,4.0,167,0.97,0.1,127,1204,1243,4.6,0
87,Electrician,West,South,0,8,5.0,15,0.76,0.25,21,299,313,10.6,0
119,Plumber,South,North,1,7,3.7,158,0.82,0.28,125,1199,332,0.7,0
7,Plumber,East,East,1,13,4.4,110,0.9,0.27,29,397,1373,4.1,1
270,Carpenter,East,East,1,1,3.7,103,0.73,0.07,180,662,914,17.3,0
17,Plumber,West,West,1,7,3.1,2,0.85,0.02,113,878,1458,24.4,0
271,Plumber,South,South,0,11,4.8,121,0.64,0.28,177,774,1412,14.3,1
162,Plumber,South,South,1,11,4.6,19,0.65,0.17,147,996,1407,8.6,0
72,Plumber,East,North,1,3,4.7,87,0.8,0.18,154,1012,968,1.2,1
231,Mechanic,South,East,1,6,3.9,174,0.79,0.11,160,804,804,18.0,1
79,Mechanic,South,West,1,1,3.2,78,0.72,0.23,28,471,478,5.1,0
285,Mechanic,North,North,1,8,3.2,153,0.89,0.26,5,797,1147,10.0,1
287,Electrician,South,West,1,4,3.6,126,0.57,0.05,72,1062,913,12.4,1
129,Electrician,West,South,1,2,3.6,101,0.67,0.19,86,1101,985,11.1,0
70,Carpenter,East,South,1,2,4.9,81,0.65,0.21,127,1379,796,8.5,0
202,Carpenter,North,South,1,8,3.4,196,0.78,0.29,120,629,1197,20.0,0
36,Mechanic,West,South,1,3,3.5,39,0.86,0.24,20,1119,1524,12.2,0
260,Mechanic,North,East,1,12,4.1,163,0.96,0.03,65,927,640,16.4,1
205,Carpenter,West,North,1,4,3.4,191,0.76,0.17,149,652,1212,9.7,0
257,Electrician,East,North,1,4,3.8,21,0.56,0.28,38,913,938,8.9,0
267,Mechanic,East,West,1,11,4.4,81,0.53,0.01,31,246,1002,16.4,0
85,Electrician,South,South,1,6,4.9,59,0.9,0.19,49,1085,1110,1.2,1
102,Mechanic,West,West,1,3,3.4,192,0.85,0.24,149,408,1399,5.1,1
235,Plumber,East,West,1,10,3.6,99,0.81,0.18,91,920,1237,15.6,0
153,Plumber,South,East,1,4,3.2,95,0.85,0.15,109,1421,582,14.6,0
250,Electrician,South,West,1,2,3.6,115,0.81,0.26,4,1192,579,5.3,0
288,Mechanic,West,West,1,13,3.9,42,0.54,0.01,58,798,366,7.2,0
87,Mechanic,West,North,1,4,4.6,93,0.77,0.23,114,1318,747,24.7,1
127,Carpenter,North,West,1,13,4.6,112,0.93,0.04,62,629,1504,17.4,0
220,Electrician,South,South,1,12,3.1,89,0.77,0.18,45,862,899,7.6,1
264,Plumber,South,West,0,4,4.7,32,0.85,0.04,39,859,806,19.2,0
251,Electrician,East,West,1,1,4.3,196,0.55,0.15,73,955,1231,23.8,1
2,Plumber,West,East,0,12,4.1,55,0.98,0.25,128,749,961,20.8,0
296,Electrician,West,East,0,12,3.1,25,0.81,0.25,6,454,623,11.3,1
220,Electrician,South,East,1,14,4.8,23,0.83,0.08,97,538,406,10.2,1
120,Mechanic,North,North,1,7,3.2,151,0.61,0.2,4,216,1003,20.5,0
217,Electrician,West,North,1,1,4.5,26,0.55,0.11,78,480,1083,19.4,0
69,Electrician,North,North,1,2,3.9,184,0.61,0.22,107,1461,1206,21.6,1
52,Electrician,North,West,1,6,3.6,35,0.62,0.19,65,1333,1530,15.2,0
14,Carpenter,South,South,1,4,4.3,61,0.75,0.03,129,1416,445,13.4,0
185,Carpenter,South,West,0,9,3.8,139,0.84,0.23,20,234,1502,2.2,1
21,Plumber,West,East,1,8,4.5,108,0.85,0.02,139,1301,1561,4.2,1
41,Electrician,South,East,1,10,4.5,166,0.84,0.02,180,1095,788,1.9,1
223,Plumber,West,North,1,11,4.3,44,0.56,0.21,4,535,1316,23.8,0
133,Electrician,East,South,1,13,3.5,30,0.89,0.01,111,757,1372,2.1,0
296,Plumber,West,West,1,0,4.0,145,0.58,0.05,28,1375,536,6.1,0
23,Plumber,South,North,1,6,4.8,45,0.97,0.26,143,1058,759,8.4,0
164,Carpenter,North,East,1,10,4.8,45,0.61,0.15,13,1021,441,22.0,0
160,Carpenter,North,West,1,3,3.6,77,0.87,0.07,96,1411,1310,24.9,0
280,Electrician,South,North,0,0,3.5,88,0.82,0.21,4,886,302,19.1,0
158,Plumber,South,South,1,0,4.9,36,0.86,0.03,61,1264,1145,17.7,1
44,Plumber,South,West,1,9,3.1,169,0.98,0.07,68,845,1104,17.7,0
163,Mechanic,East,South,1,3,3.3,197,0.79,0.05,44,1120,1254,8.2,1
184,Electrician,West,East,1,13,3.2,40,0.9,0.09,180,1435,382,5.8,0
76,Plumber,South,East,1,0,4.4,66,0.91,0.05,105,1126,1438,18.8,1
237,Plumber,South,North,1,13,4.6,56,0.57,0.25,97,1490,472,14.8,0
39,Plumber,North,South,0,7,4.6,23,0.95,0.25,86,450,387,23.6,1
294,Mechanic,West,West,1,10,3.9,90,0.61,0.06,73,1113,604,1.3,0
126,Carpenter,West,West,0,7,3.1,71,0.69,0.13,166,1276,810,16.0,0
10,Mechanic,East,West,1,7,3.7,144,0.75,0.12,48,253,953,15.1,1
144,Plumber,West,East,1,3,4.9,25,0.62,0.07,138,314,749,14.6,0
199,Carpenter,South,South,1,5,4.6,178,0.68,0.18,92,1362,1454,4.0,0
253,Carpenter,South,West,1,0,3.5,56,0.51,0.14,86,1457,712,20.3,0
91,Carpenter,North,North,1,11,4.8,198,0.56,0.16,95,348,1065,17.8,1
52,Carpenter,East,East,1,2,4.5,111,0.9,0.29,168,849,656,17.8,0
183,Electrician,South,West,1,11,3.6,45,0.86,0.28,148,1001,1462,1.3,0
114,Plumber,West,South,1,1,3.5,81,0.58,0.27,24,887,1214,0.8,1
35,Carpenter,East,North,1,0,3.8,187,0.71,0.05,107,1209,1075,9.1,1
246,Electrician,South,West,1,13,3.1,5,0.66,0.29,20,900,648,22.3,0
39,Plumber,East,West,1,6,4.9,42,0.8,0.13,15,407,978,5.5,1
284,Carpenter,East,East,1,0,3.8,140,0.92,0.05,94,207,1175,2.6,0
246,Electrician,North,North,1,10,3.6,20,0.74,0.03,103,1164,1301,22.4,0
279,Mechanic,South,East,0,5,3.4,11,0.63,0.14,59,750,1455,2.0,0
50,Plumber,East,West,0,9,3.5,15,0.92,0.25,109,1296,1272,14.5,0
154,Plumber,West,North,1,14,4.0,146,0.84,0.19,32,1119,654,23.8,1
109,Electrician,South,North,1,10,3.9,160,0.57,0.18,83,337,478,10.0,0
167,Carpenter,West,North,1,9,4.2,107,0.56,0.04,147,1404,1493,19.1,0
55,Plumber,East,East,0,4,3.8,124,0.79,0.14,46,764,1125,4.0,0
206,Plumber,West,East,1,0,4.5,68,0.95,0.01,79,836,874,21.1,0
51,Electrician,South,East,0,7,4.5,82,0.63,0.13,167,382,684,11.3,0
209,Mechanic,East,North,1,2,3.1,181,0.75,0.04,136,1364,359,4.8,0
103,Plumber,South,North,1,14,3.7,50,0.64,0.25,131,1012,553,17.2,0
251,Mechanic,South,West,1,5,3.7,66,0.87,0.21,74,256,1091,1.7,0
110,Electrician,South,South,1,6,4.0,199,0.98,0.2,123,470,654,15.2,1
130,Carpenter,East,West,0,13,3.7,64,0.61,0.09,135,1477,1113,14.8,1
192,Carpenter,East,North,1,5,5.0,163,0.66,0.08,169,811,685,4.2,0
30,Mechanic,East,South,1,10,4.0,75,0.63,0.13,101,272,1494,17.8,0
98,Carpenter,South,West,0,10,3.7,76,0.92,0.25,144,570,901,2.9,0
133,Electrician,East,North,1,3,4.5,78,0.71,0.27,97,733,1499,7.7,0
241,Plumber,North,West,0,8,3.2,174,0.69,0.09,15,508,581,24.8,0
292,Mechanic,South,East,0,2,4.6,124,0.67,0.3,82,1499,418,0.6,0
87,Electrician,West,North,1,6,4.3,103,0.71,0.14,3,277,1393,5.4,1
8,Carpenter,South,North,1,10,4.5,57,0.85,0.1,35,410,1085,12.8,1
34,Plumber,East,East,1,8,4.2,86,0.72,0.21,36,901,1303,9.3,1
207,Plumber,South,South,1,2,3.4,5,0.79,0.05,95,276,1068,22.0,0
274,Plumber,North,North,1,0,3.1,29,0.71,0.11,142,717,1271,17.7,0
5,Carpenter,West,North,1,4,4.2,179,0.57,0.25,28,1247,1565,3.4,1
55,Mechanic,South,South,1,13,4.0,51,0.68,0.12,43,280,1422,12.7,1
247,Carpenter,South,North,1,1,4.8,146,0.83,0.04,25,1247,453,18.2,1
132,Electrician,West,East,1,0,3.2,44,0.94,0.26,94,840,1172,18.6,0
24,Plumber,South,South,1,14,3.9,159,0.63,0.22,97,901,674,3.3,1
234,Carpenter,West,West,1,10,4.8,42,0.56,0.21,17,526,512,10.7,1
292,Mechanic,South,West,1,9,3.1,175,0.94,0.22,35,1189,1299,3.3,1
24,Plumber,East,East,1,13,4.4,196,0.87,0.22,59,892,1363,13.3,1
49,Mechanic,South,West,1,10,4.3,38,0.92,0.17,158,311,323,16.3,1
241,Mechanic,South,North,1,5,3.5,71,0.53,0.07,166,975,1125,20.5,0
228,Mechanic,North,West,1,1,5.0,190,0.83,0.03,107,273,1441,14.0,0
156,Electrician,West,East,1,0,4.6,116,0.67,0.23,155,1168,1044,18.0,1
114,Plumber,East,East,1,12,3.6,133,0.69,0.03,44,1208,587,20.6,0
210,Plumber,East,South,1,14,4.7,55,0.73,0.23,88,420,1148,1.6,0
64,Mechanic,West,South,0,0,4.1,12,0.78,0.13,151,1189,1341,19.6,0
297,Electrician,South,North,1,9,4.2,82,0.75,0.12,157,708,860,10.2,0
151,Mechanic,South,South,1,11,4.8,131,0.65,0.21,82,1333,1595,5.8,1
149,Carpenter,South,South,1,11,4.3,181,0.56,0.11,124,1393,1468,23.6,0
274,Carpenter,West,North,1,0,3.8,13,0.84,0.06,43,786,813,4.1,1
152,Electrician,North,East,1,1,4.2,172,0.87,0.26,167,1349,1096,6.3,0
148,Plumber,West,West,1,12,5.0,80,0.98,0.02,66,615,1570,21.8,0
227,Electrician,East,South,1,3,3.6,45,0.99,0.02,46,1252,544,9.7,0
285,Carpenter,South,South,1,4,3.0,119,0.85,0.05,41,860,1522,1.7,0
155,Mechanic,East,North,1,5,4.1,47,0.76,0.24,42,1051,1412,13.7,1
114,Electrician,East,East,1,3,4.9,158,0.77,0.3,168,218,534,16.9,1
125,Plumber,East,West,0,1,3.8,138,0.86,0.01,134,967,1353,20.2,0
23,Carpenter,South,East,1,1,3.3,197,0.77,0.0,18,631,1589,19.5,0
218,Plumber,South,West,1,1,4.5,39,0.51,0.22,11,379,450,1.8,0
286,Plumber,South,East,1,7,4.3,110,0.66,0.12,32,1295,312,16.2,0
300,Plumber,North,East,0,1,3.6,175,0.65,0.03,114,981,1109,20.6,1
81,Electrician,South,West,1,13,4.1,162,0.57,0.2,167,964,322,14.1,0
64,Plumber,North,West,1,1,3.6,191,0.87,0.22,56,1045,1349,4.0,1
130,Electrician,North,South,1,9,4.7,192,0.97,0.3,120,1325,449,7.6,1
51,Electrician,West,East,1,10,4.3,25,0.64,0.02,51,850,1295,11.5,0
157,Electrician,East,East,0,2,3.0,63,0.89,0.21,166,1093,866,21.1,0
170,Mechanic,West,West,1,4,4.0,27,0.59,0.18,73,486,1403,5.3,0
40,Plumber,North,North,1,9,3.8,151,0.61,0.01,68,1313,1405,12.1,0
188,Mechanic,South,East,1,8,4.0,101,0.68,0.0,63,1457,639,19.1,1
82,Electrician,South,West,0,0,3.4,124,0.62,0.08,61,287,723,13.2,0
199,Mechanic,West,North,1,10,3.6,180,0.98,0.19,72,739,1485,13.8,1
194,Carpenter,North,East,1,14,3.4,103,0.68,0.26,126,1187,1537,0.7,0
226,Electrician,South,North,1,4,3.4,47,0.58,0.18,32,671,1149,20.4,0
247,Mechanic,West,South,1,10,4.7,5,0.62,0.04,153,529,575,15.9,1
294,Electrician,North,South,1,2,4.0,103,0.8,0.17,6,780,475,5.8,0
242,Mechanic,South,South,1,9,3.3,149,0.91,0.05,170,1246,841,4.6,0
233,Plumber,South,West,1,1,3.0,133,0.93,0.15,109,506,1540,2.9,0
20,Plumber,North,West,1,14,4.2,0,0.95,0.23,168,1083,1369,10.8,0
272,Mechanic,South,West,1,6,3.7,189,0.95,0.25,149,400,1171,3.8,0
120,Plumber,East,West,1,0,4.4,1,0.79,0.04,3,968,720,17.4,1
186,Plumber,South,West,1,4,3.5,137,0.71,0.11,72,1013,717,10.6,0
248,Electrician,East,West,1,4,4.2,198,0.85,0.22,170,443,770,11.4,0
83,Plumber,South,West,1,12,4.1,178,0.84,0.02,101,210,486,20.7,1
223,Plumber,North,East,1,1,4.2,185,0.69,0.3,159,1267,886,17.9,0
90,Mechanic,West,North,1,10,4.9,132,0.64,0.01,155,1245,1356,17.6,0
19,Carpenter,South,North,0,1,5.0,199,0.7,0.2,105,1400,710,13.2,0
36,Plumber,East,East,1,13,3.6,155,0.98,0.14,105,1377,309,6.9,0
55,Plumber,East,East,0,12,4.0,65,0.94,0.24,149,712,1206,24.2,0
125,Carpenter,West,West,0,13,3.1,29,0.63,0.11,58,670,946,10.6,0
275,Plumber,East,South,1,6,4.3,87,0.54,0.28,123,842,1024,5.9,0
94,Electrician,West,South,1,3,4.7,52,0.61,0.25,160,929,619,19.6,0
41,Mechanic,North,North,1,5,4.2,126,0.95,0.26,149,762,1305,5.0,0
262,Carpenter,West,South,1,2,3.1,108,0.74,0.16,130,911,1106,21.6,0
235,Plumber,West,East,1,0,4.3,97,0.79,0.1,158,731,683,13.9,1
242,Carpenter,East,South,1,3,3.8,192,0.69,0.26,73,1123,668,14.5,0
118,Plumber,East,South,1,13,3.8,37,0.9,0.22,123,219,661,10.8,1
265,Carpenter,West,East,1,13,4.1,101,0.55,0.05,57,720,1275,21.1,1
172,Carpenter,East,East,1,14,4.6,88,0.51,0.04,175,1440,707,14.6,0
276,Electrician,East,East,1,8,4.0,188,0.72,0.02,159,786,1249,16.0,1
86,Carpenter,West,West,1,1,3.2,87,0.61,0.1,76,747,1539,16.3,0
228,Carpenter,West,West,1,13,3.0,186,0.62,0.08,22,631,641,10.2,1
243,Plumber,North,West,1,1,3.2,158,0.58,0.2,101,833,769,6.6,0
65,Electrician,South,North,1,5,4.7,83,0.93,0.14,140,757,1423,11.4,0
277,Electrician,West,West,1,10,4.1,88,0.74,0.07,24,1104,930,9.5,1
156,Plumber,North,South,1,7,4.1,176,0.96,0.28,124,813,318,19.3,0
119,Plumber,East,South,1,8,3.9,63,0.58,0.22,101,974,751,6.9,0
123,Carpenter,East,East,1,13,3.1,34,0.64,0.19,160,1127,857,17.7,0
165,Plumber,South,North,0,0,3.4,26,0.64,0.04,114,216,776,2.7,1
112,Carpenter,West,East,1,7,5.0,118,0.85,0.01,22,499,414,7.0,1
279,Mechanic,South,South,0,4,4.6,3,0.56,0.23,65,988,1207,6.6,0
102,Mechanic,North,South,1,10,4.9,82,0.58,0.22,142,1266,550,6.7,0
102,Carpenter,North,South,0,3,4.3,83,0.51,0.24,151,445,1110,19.8,1
22,Mechanic,South,East,1,3,3.3,23,0.84,0.1,162,322,422,9.2,0
275,Plumber,South,West,1,8,4.6,193,0.67,0.27,51,243,1073,9.3,1
21,Mechanic,West,East,1,7,3.4,47,0.77,0.1,121,763,1526,22.9,0
36,Electrician,West,East,1,8,3.7,0,0.89,0.15,49,238,1569,21.5,0
123,Carpenter,North,West,1,10,4.0,141,0.58,0.08,106,859,526,2.9,0
23,Electrician,South,North,1,7,3.4,8,0.79,0.25,170,1203,1376,15.8,0
26,Carpenter,South,North,1,14,3.4,125,0.96,0.25,121,324,1039,14.2,0
213,Carpenter,North,East,1,11,3.1,77,0.54,0.06,134,398,507,18.3,0
98,Electrician,South,South,1,8,3.8,27,0.88,0.17,174,1139,1174,22.1,0
93,Mechanic,East,South,1,9,3.9,90,0.95,0.17,85,961,1144,19.2,0
166,Electrician,South,West,1,14,4.5,92,0.98,0.13,103,200,370,24.6,0
266,Electrician,East,North,1,3,3.4,80,0.51,0.25,178,765,1433,13.0,0
293,Electrician,North,North,1,2,3.3,93,0.94,0.07,67,815,488,14.5,0
112,Plumber,East,West,1,13,4.8,179,0.79,0.27,154,815,376,18.4,0
41,Plumber,East,East,0,6,3.8,30,0.93,0.07,169,1433,323,16.0,0
28,Carpenter,North,East,1,2,3.7,178,0.61,0.02,102,1112,1518,14.6,1
222,Carpenter,West,South,1,1,4.0,190,0.52,0.12,23,1016,1327,11.1,0
70,Mechanic,South,West,1,9,3.4,157,1.0,0.16,64,346,845,19.5,1
295,Plumber,North,West,1,5,3.4,88,0.8,0.01,80,546,1016,15.6,0
227,Electrician,West,North,0,3,3.4,95,0.58,0.22,23,430,411,6.5,0
76,Carpenter,North,East,1,1,3.6,120,0.51,0.06,139,633,717,13.9,0
281,Mechanic,South,North,1,14,4.3,11,0.63,0.02,53,1465,855,1.8,0
5,Plumber,West,East,1,14,4.3,27,0.51,0.26,168,991,773,24.5,0
51,Carpenter,West,North,1,8,4.9,143,0.96,0.01,65,1284,924,8.7,1
81,Plumber,East,East,1,4,3.5,128,0.64,0.02,67,992,360,23.6,0
116,Electrician,East,West,1,1,4.5,133,0.98,0.18,162,665,1154,6.4,1
160,Carpenter,West,South,1,2,4.2,175,0.9,0.26,81,1272,576,11.0,0
75,Electrician,East,North,1,11,3.2,81,0.92,0.04,9,852,1147,24.0,0
141,Electrician,South,North,1,0,4.5,156,0.81,0.18,158,672,1521,6.2,0
184,Plumber,West,South,1,9,3.9,166,0.69,0.26,127,1170,581,4.5,0
210,Plumber,East,West,1,10,5.0,193,0.6,0.05,114,1463,1303,17.4,0
127,Mechanic,West,North,1,13,3.8,80,0.7,0.28,148,1416,1398,13.4,0
20,Plumber,West,West,1,0,4.8,62,0.76,0.12,12,1342,1093,13.1,1
26,Electrician,East,West,1,4,4.5,73,0.73,0.13,158,311,1358,22.6,0
232,Plumber,North,South,1,14,4.4,34,0.7,0.1,8,566,1229,15.0,0
104,Mechanic,North,East,1,10,4.8,41,0.86,0.04,31,1120,1598,9.4,1
197,Electrician,West,West,1,2,4.8,144,0.94,0.26,43,496,666,19.3,1
158,Carpenter,West,East,1,1,4.8,51,0.5,0.23,5,1139,1319,21.5,0
3,Mechanic,South,South,1,7,3.9,113,0.54,0.18,64,1320,869,15.7,0
107,Plumber,South,South,1,5,3.1,8,0.83,0.25,78,878,479,1.7,0
92,Electrician,East,South,0,11,4.2,9,0.55,0.09,96,976,438,19.1,0
34,Carpenter,West,South,1,13,3.5,134,0.71,0.06,55,1453,419,3.2,0
271,Plumber,West,East,1,13,3.6,134,0.79,0.19,35,1458,1452,12.7,0
255,Mechanic,South,South,1,3,3.0,6,0.73,0.24,55,1460,1149,10.6,0
287,Electrician,North,South,1,4,4.6,78,0.65,0.16,3,433,982,8.9,0
15,Electrician,South,East,1,14,4.3,121,0.9,0.19,125,518,1584,11.8,0
172,Mechanic,West,North,1,4,4.1,173,0.66,0.16,55,1382,979,20.1,0
182,Plumber,South,East,1,5,5.0,160,0.77,0.05,157,997,683,15.1,0
158,Carpenter,North,East,1,7,4.8,95,0.73,0.29,57,1275,919,4.8,1
20,Electrician,North,West,1,12,4.0,128,0.58,0.1,125,1272,935,19.5,1
51,Electrician,South,North,1,11,4.7,29,0.5,0.28,177,1417,478,8.7,0
53,Carpenter,North,East,1,3,3.6,49,0.64,0.16,114,440,858,4.2,0
8,Plumber,South,East,1,4,3.3,180,0.9,0.17,45,345,937,15.5,1
228,Plumber,South,North,1,10,3.1,98,0.53,0.13,47,1420,1513,15.9,0
229,Carpenter,East,East,1,11,4.5,136,0.54,0.28,121,1362,569,2.8,0
240,Plumber,West,East,1,11,4.5,120,0.62,0.07,159,728,1044,10.1,0
170,Carpenter,West,West,1,7,3.2,122,0.73,0.05,91,1437,1476,3.6,1
55,Carpenter,North,East,1,6,4.2,61,0.81,0.16,125,986,435,8.8,0
221,Mechanic,East,South,1,10,3.2,182,0.79,0.15,153,1420,1248,8.5,1
228,Electrician,East,West,1,1,4.4,152,0.89,0.11,128,325,485,5.8,1
298,Plumber,South,South,1,4,3.8,147,0.72,0.06,83,813,1467,20.0,0
223,Carpenter,North,North,1,8,3.8,32,0.93,0.02,142,308,301,17.7,0
184,Plumber,East,North,1,11,4.2,160,0.66,0.11,99,1091,1416,5.7,1
72,Electrician,West,East,1,2,3.6,171,0.56,0.0,167,232,594,18.2,0
224,Electrician,North,South,1,6,4.7,178,0.8,0.13,48,1130,1343,10.9,0
197,Carpenter,South,South,1,0,4.2,187,0.62,0.15,107,1318,1480,9.5,0
291,Mechanic,East,North,1,11,3.2,186,0.87,0.3,73,1152,1358,2.4,0
46,Electrician,West,North,1,8,4.6,79,0.81,0.27,138,222,1260,11.6,0
294,Carpenter,West,East,0,12,3.6,42,0.52,0.28,79,1354,833,2.0,0
87,Plumber,East,North,1,1,3.3,19,0.93,0.08,35,1461,875,7.2,0
58,Electrician,South,West,1,2,3.5,179,0.62,0.05,137,267,1002,24.6,0
79,Mechanic,West,West,1,7,4.5,42,0.61,0.22,90,311,841,19.0,1
86,Mechanic,West,West,1,11,4.9,136,0.62,0.21,101,1171,837,4.1,0
7,Carpenter,West,West,1,8,4.4,10,0.55,0.16,92,1084,1550,23.0,0
172,Carpenter,East,North,1,9,3.8,197,0.84,0.07,174,1405,699,13.2,0
93,Carpenter,North,North,1,0,3.8,134,0.55,0.13,58,780,815,5.2,1
48,Plumber,South,North,1,1,3.2,154,0.56,0.2,167,1359,678,22.5,0
130,Carpenter,West,North,1,14,5.0,196,0.71,0.27,84,727,631,19.6,1
32,Mechanic,West,East,0,4,4.9,67,0.59,0.02,53,1449,1104,4.9,0
74,Mechanic,South,North,0,11,3.5,8,0.54,0.17,66,1113,338,22.5,0
1,Plumber,West,East,1,5,4.8,147,0.5,0.21,127,1179,1193,10.4,0
36,Electrician,North,West,0,13,4.6,31,0.78,0.28,93,882,920,10.3,0
47,Carpenter,East,North,1,12,4.5,165,0.6,0.17,100,591,912,17.5,0
184,Mechanic,North,West,1,2,3.1,6,0.86,0.18,127,996,429,19.9,0
256,Mechanic,North,North,1,5,4.6,10,0.7,0.06,169,1271,1238,23.5,0
275,Electrician,South,North,1,2,4.0,4,0.74,0.28,13,697,567,0.9,0
158,Plumber,West,South,1,1,4.6,27,0.56,0.18,159,651,429,20.2,0
206,Carpenter,North,South,1,12,3.4,11,0.8,0.1,32,760,589,19.1,0
190,Electrician,West,South,0,0,3.3,161,0.81,0.23,6,1197,465,0.7,0
46,Carpenter,West,West,1,3,3.3,69,0.76,0.12,46,1450,377,15.1,0
46,Carpenter,East,West,1,3,3.4,135,0.99,0.19,140,1239,749,11.9,0
107,Carpenter,North,South,1,2,4.4,121,0.75,0.05,13,310,1045,7.5,1
172,Mechanic,North,North,1,14,4.1,40,0.89,0.15,31,345,781,18.2,0
167,Mechanic,South,East,1,1,3.7,25,0.62,0.12,53,969,751,2.3,0
28,Mechanic,South,South,0,7,3.4,95,0.57,0.22,163,934,852,5.5,0
292,Plumber,East,South,1,7,3.9,43,0.88,0.07,77,1436,621,19.8,0
88,Electrician,North,West,0,7,4.7,55,0.8,0.25,73,229,1176,18.5,0
168,Mechanic,South,South,0,14,3.0,11,0.52,0.14,131,268,1171,13.5,0
51,Mechanic,West,South,1,12,3.0,187,0.7,0.07,93,805,789,16.4,1
246,Carpenter,South,West,0,11,4.2,116,0.73,0.04,105,578,1058,15.9,0
1,Plumber,West,East,1,4,3.9,69,0.85,0.18,149,624,465,15.7,0
29,Carpenter,North,North,1,7,4.2,93,0.68,0.19,19,1348,719,3.9,1
277,Plumber,West,South,1,12,3.5,90,0.95,0.15,110,767,411,2.1,0
249,Plumber,West,East,1,5,4.6,177,0.9,0.28,18,585,1237,2.6,1
92,Carpenter,North,North,1,1,4.4,127,0.58,0.06,162,246,900,10.7,0
68,Mechanic,East,West,1,10,3.0,48,0.53,0.26,61,1264,987,10.6,0
168,Mechanic,West,West,1,2,4.8,78,0.59,0.08,125,961,890,19.4,1
181,Carpenter,West,South,1,2,4.4,73,0.59,0.05,179,514,630,6.3,1
163,Electrician,West,East,1,3,4.1,8,0.83,0.29,39,963,1218,13.7,1
155,Plumber,North,West,0,12,3.3,117,0.96,0.05,141,1239,978,16.4,0
149,Electrician,West,East,1,11,4.0,10,0.57,0.17,80,250,1122,15.6,0
183,Plumber,East,North,1,3,4.2,56,0.89,0.23,52,246,471,13.7,0
45,Mechanic,South,West,1,9,4.0,14,0.95,0.11,39,1075,1057,10.0,1
177,Carpenter,East,West,0,1,3.4,113,0.87,0.12,115,791,635,20.2,0
218,Mechanic,South,North,1,4,3.9,134,0.99,0.02,153,969,481,0.7,0
140,Mechanic,South,West,1,12,4.8,51,0.59,0.11,143,1204,386,20.7,0
300,Carpenter,West,West,1,12,3.0,67,0.65,0.19,164,1167,554,16.5,0
214,Electrician,West,South,1,12,3.6,17,0.8,0.11,125,1358,1193,21.8,0
244,Plumber,East,North,1,2,4.2,37,0.66,0.26,36,931,634,1.8,0
183,Plumber,East,East,1,14,3.2,49,0.88,0.05,26,1426,642,13.8,0
155,Carpenter,East,North,1,5,4.6,3,0.57,0.08,126,1043,996,23.1,0
112,Electrician,South,South,1,8,4.2,134,0.92,0.21,31,1054,1243,22.9,1
68,Plumber,West,East,1,5,3.3,113,0.94,0.18,89,552,923,1.2,0
114,Electrician,South,South,1,3,3.3,20,0.71,0.23,30,359,338,19.5,0
22,Electrician,North,North,1,8,4.2,120,0.56,0.08,18,817,321,19.0,0
106,Electrician,South,East,1,2,4.7,71,0.97,0.1,43,1225,1555,6.4,1
51,Plumber,South,South,0,2,4.8,137,0.5,0.22,56,1232,1272,9.5,0
226,Plumber,South,East,0,6,3.4,58,0.7,0.23,82,453,1254,3.2,0
185,Carpenter,North,North,1,1,3.8,116,0.8,0.09,115,662,1434,10.5,0
220,Electrician,North,West,0,5,3.4,172,0.75,0.03,114,1270,474,3.4,0
53,Electrician,North,East,0,5,3.4,103,0.56,0.25,129,770,1491,15.0,0
205,Carpenter,West,West,0,8,3.6,196,0.73,0.04,127,1218,772,15.9,1
51,Plumber,North,West,1,2,3.8,173,0.66,0.09,161,397,456,16.7,0
253,Mechanic,South,East,1,7,4.0,138,0.67,0.26,141,236,364,24.8,0
61,Mechanic,West,East,0,7,3.9,8,0.59,0.2,79,536,1306,11.1,0
200,Mechanic,North,West,1,10,4.1,120,0.74,0.26,131,314,1101,7.0,0
194,Carpenter,East,East,1,9,3.1,93,0.67,0.22,8,1480,998,9.8,0
183,Mechanic,East,North,1,3,3.5,79,0.8,0.27,18,824,534,8.8,1
167,Plumber,West,West,1,14,3.8,5,0.85,0.18,83,973,1468,10.1,0
251,Plumber,South,East,1,12,4.5,86,0.58,0.09,113,613,1317,16.1,0
39,Electrician,East,East,1,9,3.8,57,0.81,0.29,150,394,1512,8.8,1
272,Mechanic,West,South,1,1,4.3,77,0.75,0.09,171,1305,941,5.4,0
264,Mechanic,South,North,1,8,4.7,147,0.75,0.2,121,748,1391,20.3,0
223,Plumber,South,East,1,3,3.3,175,0.88,0.25,107,852,431,16.0,0
137,Carpenter,South,East,1,3,3.8,29,0.57,0.01,81,1150,1294,14.2,0
19,Electrician,South,East,1,4,4.6,71,0.83,0.05,12,1195,340,1.9,0
161,Carpenter,North,West,0,10,4.3,23,0.7,0.25,37,683,529,14.5,0
62,Carpenter,West,North,1,1,4.5,80,0.66,0.18,101,683,1166,5.8,1
110,Carpenter,West,West,1,9,3.1,136,0.69,0.28,83,1317,1167,12.1,0
143,Electrician,East,West,1,13,3.6,165,0.98,0.18,171,311,790,6.7,0
186,Plumber,South,West,1,14,4.9,65,0.65,0.28,62,809,730,21.6,1
225,Carpenter,West,North,1,1,4.6,125,0.74,0.12,87,1065,505,20.7,0
260,Plumber,East,West,1,13,4.1,83,0.73,0.01,15,576,1590,11.4,0
2,Mechanic,South,East,1,1,3.2,63,0.76,0.29,168,466,1516,17.3,0
164,Mechanic,West,South,1,10,4.2,83,0.9,0.06,108,952,672,10.1,0
293,Electrician,North,North,0,10,4.2,58,0.95,0.29,52,736,645,1.7,0
134,Electrician,North,East,1,9,3.2,183,0.76,0.23,118,1212,542,6.0,0
137,Carpenter,West,West,1,13,3.4,55,1.0,0.08,175,587,1156,4.9,0
15,Carpenter,East,South,1,14,3.5,149,0.84,0.14,4,1160,572,21.9,0
204,Electrician,West,West,1,4,3.1,142,0.53,0.1,62,1164,1025,24.9,0
24,Plumber,East,West,1,6,4.3,33,0.98,0.17,150,567,833,4.7,0
174,Mechanic,South,North,1,8,3.9,66,0.56,0.01,34,1222,875,18.8,0
145,Carpenter,East,East,1,2,3.6,125,0.88,0.05,170,1101,408,5.1,1
94,Plumber,West,East,1,7,3.9,126,0.52,0.11,145,1193,1237,12.6,0
76,Plumber,East,North,1,4,3.4,43,0.87,0.25,146,1399,734,14.8,0
270,Electrician,West,North,1,7,4.4,84,0.51,0.2,176,449,1107,9.7,0
55,Carpenter,South,North,1,13,4.4,122,0.73,0.29,154,211,974,24.3,0
232,Carpenter,South,South,0,12,4.3,82,0.9,0.22,142,1433,1081,2.8,0
123,Mechanic,North,North,0,2,3.8,103,0.64,0.23,169,515,546,7.8,0
159,Electrician,East,North,1,8,3.4,114,0.94,0.14,146,1429,1166,2.7,0
189,Electrician,West,West,1,8,3.7,118,0.84,0.19,41,1214,1379,15.9,0
149,Mechanic,West,North,0,7,3.6,32,0.84,0.09,65,1271,1175,7.7,1
40,Plumber,North,West,1,7,4.3,145,0.91,0.11,151,367,1331,0.9,0
237,Electrician,South,West,1,6,4.8,76,0.66,0.22,173,1121,1577,20.3,0
96,Electrician,South,North,1,9,3.5,172,0.55,0.16,3,1008,538,0.8,0
236,Mechanic,West,East,1,9,3.7,172,0.98,0.2,79,379,556,3.8,1
9,Electrician,North,South,1,2,4.3,111,0.92,0.26,139,590,476,7.9,0
243,Mechanic,North,North,1,2,4.5,113,0.98,0.14,117,1398,796,5.4,0
201,Plumber,East,North,1,13,4.4,106,0.92,0.22,154,1335,895,1.4,0
263,Mechanic,South,North,1,6,4.2,141,0.53,0.27,108,1169,539,12.6,0
178,Mechanic,West,North,1,11,3.4,88,0.72,0.15,152,894,1533,21.4,0
240,Electrician,East,West,0,13,4.9,167,0.87,0.24,43,1473,724,7.4,0
248,Electrician,South,South,1,7,3.2,106,0.97,0.15,62,628,1440,1.7,1
134,Carpenter,South,South,1,14,4.0,16,0.67,0.03,60,447,1450,6.0,1
175,Carpenter,North,East,0,13,4.4,131,0.8,0.03,14,1096,1236,24.1,0
55,Plumber,North,North,1,1,4.7,92,0.58,0.09,115,1236,1320,18.4,1
187,Carpenter,South,North,1,7,4.9,196,0.88,0.07,123,899,887,12.9,1
191,Mechanic,East,South,1,12,4.1,58,0.57,0.13,106,1139,1357,20.0,0
16,Mechanic,South,North,1,8,4.9,21,0.67,0.12,44,1088,425,10.1,1
78,Plumber,East,West,1,10,4.4,77,0.86,0.09,90,216,872,22.6,0
76,Mechanic,West,South,0,9,4.6,166,0.72,0.1,168,1028,704,22.1,1
276,Carpenter,West,South,1,8,3.6,23,0.76,0.09,89,527,347,1.2,0
133,Electrician,East,West,0,1,4.5,95,0.63,0.15,33,297,555,11.5,0
3,Mechanic,East,South,1,9,4.1,160,0.83,0.25,61,917,912,7.5,0
294,Electrician,West,South,1,8,4.2,199,0.68,0.03,110,1043,467,2.8,1
67,Mechanic,South,West,1,10,4.1,150,0.78,0.23,69,1396,1321,16.1,0
251,Mechanic,South,South,1,7,4.4,33,0.98,0.15,137,441,735,11.7,1
81,Carpenter,North,West,1,5,4.1,10,0.76,0.04,80,966,921,7.7,1
74,Electrician,West,North,0,4,4.8,55,0.59,0.22,2,450,1421,9.0,0
214,Mechanic,East,West,0,12,3.8,184,0.92,0.04,37,1233,1243,19.2,0
77,Carpenter,North,West,1,14,3.8,138,0.52,0.2,115,768,481,21.7,0
293,Carpenter,North,North,1,9,4.1,193,0.53,0.17,50,1174,1329,22.5,1
273,Electrician,North,East,1,3,4.7,148,0.72,0.24,157,856,1122,14.9,0
12,Carpenter,West,South,1,13,4.1,97,0.63,0.03,27,1309,644,7.5,1
46,Electrician,East,West,1,0,4.2,83,0.59,0.21,78,998,502,8.3,0
166,Carpenter,West,North,1,3,4.5,150,0.62,0.15,131,988,535,7.1,1
284,Mechanic,North,West,1,10,3.5,4,0.63,0.29,174,407,804,19.2,0
65,Carpenter,West,West,1,10,4.0,36,0.69,0.3,64,1300,1167,24.1,0
22,Plumber,West,East,1,2,3.0,123,0.64,0.08,176,978,1019,21.1,0
262,Carpenter,North,South,1,9,3.1,22,0.7,0.04,37,1339,872,22.0,0
259,Carpenter,East,East,0,11,3.9,62,0.83,0.1,55,1141,1527,8.5,0
69,Plumber,West,North,0,10,3.3,142,0.95,0.21,102,1302,466,19.8,0
40,Plumber,West,North,1,13,3.8,153,0.68,0.05,180,217,555,11.8,0
228,Plumber,South,North,1,10,4.8,91,0.6,0.24,162,820,752,6.2,0
186,Plumber,East,West,0,11,4.2,1,0.6,0.25,103,427,868,14.4,0
283,Electrician,South,North,1,11,3.1,66,0.97,0.26,135,761,692,21.3,1
273,Carpenter,West,North,0,10,4.3,166,0.53,0.28,112,1033,861,3.5,0
254,Carpenter,North,South,1,14,3.8,114,0.66,0.12,87,367,1471,20.3,0
116,Mechanic,North,South,1,5,3.6,160,0.81,0.01,112,249,1513,20.0,0
129,Electrician,North,West,1,5,4.7,85,0.76,0.07,20,1428,1568,11.2,1
229,Plumber,North,North,0,6,3.6,177,0.53,0.04,115,312,917,15.5,0
53,Plumber,North,East,1,6,3.2,192,0.71,0.26,170,1477,321,11.6,0
220,Plumber,East,North,1,5,4.2,27,0.55,0.18,19,1414,696,22.7,0
261,Carpenter,East,West,1,9,3.9,62,0.57,0.01,34,838,1497,11.2,0
184,Carpenter,South,South,1,9,3.7,94,0.99,0.16,170,496,417,6.3,0
287,Plumber,West,East,1,3,4.3,51,0.89,0.1,172,1174,1257,15.2,0
297,Carpenter,East,West,1,1,3.9,10,0.75,0.28,165,656,771,11.9,0
247,Carpenter,West,South,1,13,5.0,92,0.5,0.11,144,435,591,7.6,1
300,Carpenter,North,North,1,4,3.3,67,0.86,0.1,143,703,665,5.3,1
135,Plumber,North,South,1,12,4.8,86,0.97,0.09,63,957,1062,16.7,0
223,Plumber,North,South,0,2,4.6,49,0.77,0.21,83,1427,1179,24.4,0
24,Electrician,East,South,1,0,4.3,71,0.94,0.26,151,1201,728,18.3,0
34,Electrician,West,East,1,7,3.4,182,0.69,0.21,128,1170,849,14.7,0
299,Plumber,South,South,0,7,4.7,101,0.61,0.13,98,1370,621,23.4,0
282,Plumber,South,North,1,8,3.7,149,0.52,0.15,88,1072,1223,12.0,0
255,Carpenter,East,West,1,7,3.5,165,0.54,0.27,77,1227,1350,13.9,1
142,Electrician,North,North,1,0,4.1,85,0.6,0.1,79,762,690,17.8,0
279,Carpenter,North,East,1,5,4.6,103,0.97,0.25,169,224,1266,16.5,0
77,Mechanic,South,South,1,3,3.9,132,0.79,0.17,121,1144,997,19.9,0
97,Mechanic,West,South,1,13,4.1,95,0.57,0.26,80,219,1323,20.4,0
174,Electrician,West,West,1,6,4.5,176,0.77,0.1,7,1362,365,23.1,1
170,Mechanic,West,South,0,1,4.1,48,0.74,0.1,117,823,490,4.7,0
91,Plumber,West,North,1,1,4.8,98,0.64,0.07,170,1273,443,11.6,0
6,Electrician,East,West,1,1,3.3,107,0.74,0.02,54,466,721,8.1,0
244,Electrician,East,South,1,10,3.9,51,0.5,0.04,18,1017,1538,20.3,0
292,Mechanic,West,West,1,11,3.2,165,0.94,0.14,78,1000,1555,20.7,0
213,Electrician,South,West,1,14,4.3,178,0.78,0.12,13,690,623,7.2,1
150,Plumber,South,West,1,12,4.1,94,0.54,0.03,85,1039,1223,4.5,1
23,Mechanic,North,North,1,10,4.5,97,0.67,0.12,51,1012,377,0.8,1
70,Carpenter,West,West,1,1,4.1,62,0.86,0.13,122,771,630,4.7,1
52,Electrician,East,North,1,6,3.3,171,0.88,0.2,41,1102,1033,4.9,0
273,Electrician,West,North,1,12,4.0,169,0.86,0.27,101,831,1209,1.8,1
194,Electrician,South,East,0,3,3.2,107,0.51,0.0,51,329,751,24.0,0
86,Electrician,North,West,1,13,3.7,143,0.81,0.19,140,1009,1176,3.5,1
183,Carpenter,South,North,1,5,3.0,54,0.73,0.02,73,1477,1055,1.6,0
211,Carpenter,West,North,1,12,5.0,145,0.59,0.29,155,864,1592,17.6,0
69,Carpenter,South,East,0,10,4.0,85,0.51,0.27,116,983,1346,16.2,0
7,Electrician,North,North,1,11,3.9,62,0.81,0.02,97,1221,907,5.4,0
20,Electrician,West,East,1,5,4.3,194,0.52,0.24,108,790,348,6.1,0
176,Electrician,South,North,0,10,5.0,175,0.85,0.07,99,1267,958,5.0,0
34,Mechanic,North,South,1,2,4.9,32,0.55,0.18,54,683,1339,2.4,0
160,Electrician,South,South,1,9,3.5,73,0.79,0.29,53,756,1285,2.5,0
204,Mechanic,South,West,1,8,4.2,110,0.88,0.25,125,240,1081,11.0,1
154,Electrician,South,East,1,4,3.9,96,0.78,0.14,87,479,1261,5.3,0
3,Plumber,East,West,1,6,4.9,190,0.69,0.15,166,1404,445,10.5,1
64,Mechanic,South,South,1,4,4.5,192,0.86,0.15,127,1500,1054,17.6,0
218,Electrician,South,West,1,13,3.7,180,0.84,0.21,167,502,835,15.3,0
76,Carpenter,South,South,1,12,3.2,182,0.96,0.12,152,364,1361,22.8,0
85,Mechanic,East,East,1,8,4.3,97,0.79,0.22,24,423,1472,19.5,1
74,Carpenter,South,West,1,0,5.0,125,0.5,0.02,180,1055,1375,10.7,1
221,Electrician,South,East,1,2,3.4,46,0.75,0.03,147,635,680,5.4,0
99,Carpenter,West,West,1,9,3.2,162,0.58,0.09,98,455,866,2.1,1
121,Mechanic,West,North,1,4,4.5,1,0.83,0.24,12,398,732,13.3,1
267,Carpenter,West,West,1,9,3.9,94,0.84,0.1,82,690,1039,16.8,1
30,Carpenter,East,North,1,13,4.4,185,0.92,0.28,8,1432,551,21.8,1
128,Carpenter,West,West,1,10,3.4,163,0.98,0.24,6,1497,1037,21.9,0
167,Mechanic,South,West,1,9,4.6,89,0.71,0.28,123,405,1088,7.7,1
74,Plumber,South,West,1,4,4.7,140,0.99,0.14,116,436,1287,16.7,1
109,Electrician,North,North,1,11,3.1,83,0.95,0.23,58,727,1275,23.8,0
70,Mechanic,North,East,0,14,4.2,153,0.53,0.1,99,1350,1194,20.3,0
60,Carpenter,North,North,1,11,4.2,48,0.87,0.03,96,460,941,23.9,0
1,Carpenter,North,South,1,6,3.6,93,0.9,0.28,34,1264,1532,15.0,1
5,Mechanic,East,South,1,4,4.7,127,0.84,0.04,74,498,370,15.2,1
64,Carpenter,West,South,1,11,4.9,15,0.99,0.1,55,660,407,23.1,0
250,Mechanic,East,South,0,8,3.8,108,0.84,0.3,102,1000,447,13.4,0
100,Mechanic,North,South,1,12,4.2,13,0.92,0.21,119,535,1482,3.9,0
150,Electrician,South,South,1,3,4.5,2,0.68,0.26,28,502,1071,23.8,0
87,Plumber,North,East,0,2,4.9,30,0.99,0.2,153,1088,604,15.9,0
18,Plumber,South,West,1,11,4.2,44,0.83,0.11,179,383,1249,21.7,0
141,Mechanic,East,North,1,1,3.2,164,0.83,0.15,7,1401,1473,24.7,0
49,Electrician,West,West,0,11,3.9,146,0.56,0.1,139,578,1130,20.4,1
285,Mechanic,North,North,1,3,4.9,30,0.59,0.18,48,210,1436,11.5,1
21,Electrician,South,South,1,4,4.7,8,0.54,0.04,78,944,1414,4.7,0
1,Electrician,East,North,0,8,4.8,75,0.83,0.13,149,1204,940,13.3,0
181,Electrician,North,North,1,3,3.3,55,0.98,0.18,57,1411,1035,7.3,0
217,Plumber,East,East,1,14,3.3,116,0.54,0.08,110,493,1397,5.5,0
138,Electrician,East,South,1,2,3.6,111,0.69,0.29,65,358,853,3.6,1
281,Mechanic,North,East,1,5,4.8,199,0.64,0.26,59,760,320,2.9,0
114,Mechanic,North,North,1,11,4.8,150,0.91,0.15,137,914,1471,21.7,1
51,Plumber,South,East,0,6,3.4,189,0.84,0.24,143,1417,1124,12.2,0
5,Electrician,South,South,1,11,3.5,185,0.82,0.11,65,1446,1156,17.8,1
182,Mechanic,East,East,0,8,4.9,58,0.65,0.26,80,1032,940,21.2,0
40,Electrician,North,South,1,1,4.5,141,0.96,0.24,4,1068,1341,23.3,1
255,Plumber,West,North,1,14,4.7,1,0.86,0.21,90,700,1381,17.3,1
230,Electrician,South,South,1,13,3.3,90,0.98,0.13,99,549,1064,24.3,0
128,Plumber,East,East,1,4,3.4,188,0.82,0.12,80,1255,372,23.4,0
250,Plumber,East,North,1,5,3.6,27,0.5,0.27,49,1023,1026,0.7,0
102,Plumber,South,West,1,7,3.0,196,0.83,0.07,103,966,912,9.4,0
275,Carpenter,North,West,1,7,3.3,90,0.87,0.0,52,426,688,7.5,1
216,Carpenter,North,South,1,7,4.9,68,0.56,0.15,128,460,965,18.9,0
205,Mechanic,South,North,0,12,3.0,39,0.67,0.0,177,684,406,17.1,0
5,Mechanic,West,East,1,1,4.5,63,0.81,0.22,49,710,875,19.3,0
127,Mechanic,South,West,1,12,3.2,186,0.75,0.05,153,1488,1599,4.1,1
206,Plumber,East,South,0,6,3.0,51,0.55,0.02,106,1275,927,17.7,0
114,Carpenter,West,West,1,6,4.3,77,0.56,0.11,91,1056,805,8.3,1
21,Plumber,North,East,1,7,3.6,155,0.55,0.06,127,944,984,8.0,1
7,Electrician,East,East,1,5,4.5,150,0.76,0.11,168,765,730,14.8,1
55,Electrician,North,North,1,14,4.8,48,0.6,0.13,27,353,1419,15.7,1
243,Electrician,South,North,1,6,4.1,64,0.95,0.23,145,911,1049,11.5,0
224,Plumber,West,West,1,8,4.6,42,0.8,0.21,35,793,393,23.9,1
98,Mechanic,West,North,1,12,4.0,143,0.89,0.12,71,623,676,0.6,1
5,Mechanic,East,East,0,4,4.4,141,0.56,0.07,138,687,897,1.5,1
143,Electrician,East,North,1,3,5.0,53,0.77,0.0,90,1495,1539,24.3,1
282,Carpenter,South,West,0,4,3.6,14,0.81,0.0,93,649,872,4.8,0
276,Plumber,West,East,0,10,4.2,52,0.91,0.07,70,617,1491,15.9,0
203,Electrician,West,South,1,6,3.7,122,0.55,0.05,49,560,686,14.5,0
93,Carpenter,North,East,1,2,4.6,175,0.8,0.02,20,1073,802,11.6,1
207,Plumber,South,North,1,6,3.8,28,0.91,0.23,166,289,570,6.6,1
74,Plumber,North,North,1,13,3.7,181,0.54,0.04,146,1109,634,8.0,0
125,Plumber,East,North,1,0,3.2,75,0.55,0.27,108,490,302,22.8,1
219,Mechanic,South,East,1,3,4.8,175,0.69,0.27,30,1207,647,24.8,1
145,Carpenter,North,East,1,14,4.8,21,0.95,0.18,47,1077,1386,8.7,1
218,Electrician,East,East,1,1,3.5,127,0.83,0.28,21,204,604,19.6,1
76,Mechanic,West,West,1,1,4.2,186,0.64,0.03,34,572,1088,9.1,1
247,Mechanic,East,South,1,10,4.8,98,0.71,0.15,138,1208,1390,13.6,1
43,Mechanic,South,North,1,0,3.4,4,0.68,0.14,36,425,422,22.8,0
72,Carpenter,West,South,1,8,4.9,107,0.62,0.25,16,482,540,24.1,0
194,Plumber,West,East,1,1,4.3,18,0.74,0.18,42,261,600,9.4,1
40,Plumber,West,South,1,7,4.5,191,0.76,0.28,122,1042,990,11.4,0
7,Carpenter,North,South,1,10,3.1,192,0.59,0.05,103,1067,1230,14.1,0
293,Carpenter,South,West,0,4,4.9,133,0.69,0.29,56,1020,1567,1.9,1
287,Plumber,West,West,1,10,3.8,97,0.58,0.24,167,1068,698,7.1,1
186,Carpenter,North,South,1,8,3.2,54,0.8,0.23,81,584,1429,5.4,0
124,Carpenter,North,North,1,12,4.0,12,0.66,0.28,4,930,878,24.0,0
162,Mechanic,East,South,1,1,3.7,189,0.75,0.15,40,248,1502,20.0,0
20,Carpenter,South,South,1,1,4.8,23,0.98,0.07,57,488,629,24.8,1
268,Carpenter,West,South,1,5,4.2,110,0.52,0.21,176,993,789,5.6,0
39,Electrician,West,North,1,2,4.5,79,0.77,0.29,24,1221,492,11.6,1
152,Electrician,North,East,1,5,3.2,45,0.86,0.14,123,724,1205,16.4,0
64,Mechanic,North,East,0,6,3.8,158,0.96,0.04,95,1249,1579,23.8,0
212,Mechanic,East,North,1,10,3.1,62,0.85,0.17,41,415,895,9.7,0
38,Electrician,West,West,1,5,3.9,164,0.77,0.25,29,375,669,18.4,0
204,Mechanic,South,West,1,5,3.7,154,0.74,0.21,123,434,870,11.6,0
241,Electrician,South,East,1,9,4.5,15,0.97,0.11,112,1169,737,1.8,0
217,Carpenter,East,South,1,1,3.5,20,0.65,0.21,109,1274,738,16.9,0
28,Plumber,West,East,0,4,3.3,89,0.97,0.14,139,529,1194,9.2,0
200,Plumber,South,North,1,9,4.2,82,0.83,0.25,83,229,608,22.5,0
256,Carpenter,North,West,1,11,3.0,115,0.97,0.26,164,1120,1484,2.9,0
97,Mechanic,South,West,1,3,4.9,173,0.79,0.0,95,233,918,22.5,1
64,Mechanic,West,West,1,5,4.7,109,0.76,0.23,31,560,1239,11.0,1
84,Mechanic,West,East,1,11,4.4,162,0.64,0.19,27,379,512,2.7,1
211,Plumber,West,North,1,8,4.2,8,0.83,0.26,56,656,1231,14.0,1
241,Plumber,East,West,1,13,4.3,189,0.7,0.28,59,1239,880,7.1,0
158,Mechanic,South,North,0,6,3.1,6,0.58,0.11,134,1428,950,8.7,0
221,Electrician,West,South,1,6,4.7,147,0.71,0.28,101,555,1125,22.7,0
224,Electrician,North,South,1,10,4.2,100,0.92,0.19,68,1332,625,23.7,0
48,Plumber,West,North,1,9,3.3,158,0.85,0.28,22,1371,1083,1.1,0
233,Carpenter,South,South,1,3,3.6,137,0.92,0.22,98,733,405,7.2,0
12,Plumber,North,West,0,1,3.2,72,0.63,0.05,21,1212,1040,22.9,0
52,Mechanic,North,West,1,10,3.2,175,0.71,0.27,164,1123,629,4.9,1
92,Plumber,North,East,0,7,5.0,153,0.77,0.05,67,449,694,15.3,1
266,Electrician,South,East,1,3,3.1,35,0.61,0.22,34,748,860,12.3,0
179,Carpenter,West,West,1,6,4.8,64,0.59,0.21,73,1004,510,14.8,0
160,Electrician,South,West,1,7,3.8,191,0.64,0.1,29,1443,1084,11.0,0
192,Plumber,West,South,0,8,3.5,104,0.65,0.25,167,1286,1021,10.3,0
166,Mechanic,South,East,1,3,4.3,95,0.57,0.09,4,852,322,18.1,1
291,Carpenter,South,North,1,9,3.4,55,0.55,0.08,157,353,1475,22.4,0
223,Carpenter,East,South,1,12,4.0,11,1.0,0.13,33,1127,650,15.2,0
122,Plumber,East,North,1,13,4.2,1,0.96,0.09,105,275,1392,23.0,1
9,Plumber,West,North,1,6,4.4,70,0.66,0.1,22,1339,941,12.6,1
153,Mechanic,West,North,1,9,3.2,57,0.52,0.0,28,861,1192,6.0,1
189,Plumber,North,East,0,0,3.2,77,0.54,0.1,158,977,852,17.6,0
299,Mechanic,North,South,1,2,4.5,105,0.82,0.2,135,1280,792,14.7,0
144,Carpenter,West,South,1,12,3.6,21,0.68,0.25,64,621,459,2.3,0
109,Plumber,South,West,1,3,4.0,87,0.6,0.18,137,1252,941,19.1,0
233,Electrician,North,South,1,5,3.8,115,0.93,0.15,104,584,440,7.3,1
158,Plumber,South,West,0,11,3.2,4,0.95,0.06,9,1175,1387,11.6,0
282,Plumber,East,West,1,6,4.0,130,0.67,0.13,96,400,400,16.4,0
217,Electrician,East,South,1,9,3.6,155,0.75,0.13,176,302,809,24.0,0
28,Plumber,East,South,1,1,3.6,158,0.85,0.12,102,407,750,18.5,0
138,Mechanic,South,South,1,5,4.3,180,0.8,0.22,26,579,1330,22.7,1
157,Electrician,South,East,1,2,3.4,116,0.57,0.0,123,1076,984,1.0,0
40,Electrician,North,East,0,9,3.0,63,0.74,0.01,6,1361,895,21.0,0
86,Electrician,North,North,1,11,3.7,125,0.87,0.3,67,1196,819,9.4,1
181,Carpenter,East,West,1,10,4.0,163,0.51,0.29,58,490,1031,12.7,1
221,Carpenter,South,North,1,6,4.3,70,0.94,0.2,117,1279,658,7.0,0
170,Mechanic,West,East,1,0,4.2,179,0.67,0.18,112,1131,1460,24.2,0
148,Plumber,North,West,0,2,3.9,38,0.76,0.09,144,533,921,12.4,1
151,Plumber,West,North,1,13,4.2,13,0.74,0.0,92,201,402,6.7,0
146,Electrician,North,East,1,11,3.4,149,0.96,0.09,10,1169,1026,6.6,0
198,Mechanic,West,North,0,14,3.6,79,0.59,0.13,84,1384,585,17.2,0
70,Mechanic,South,East,1,4,4.1,160,0.73,0.06,113,396,583,13.4,0
258,Carpenter,West,East,1,6,4.9,118,0.51,0.17,109,381,587,15.6,1
125,Carpenter,South,East,1,13,3.8,103,0.84,0.14,134,1142,411,2.6,0
55,Carpenter,North,East,1,11,3.7,15,0.56,0.18,132,308,719,13.1,0
254,Electrician,South,South,1,4,4.4,1,0.9,0.19,53,434,437,0.5,0
62,Plumber,South,South,1,0,4.7,113,0.7,0.28,78,1028,1290,24.6,0
280,Carpenter,West,North,1,10,3.0,36,0.91,0.2,45,1247,1419,5.4,0
149,Plumber,West,East,1,6,3.8,27,0.73,0.24,39,257,880,11.7,0
6,Carpenter,North,West,1,14,3.7,35,0.73,0.22,72,218,624,9.3,0
258,Electrician,East,West,1,2,4.3,90,0.83,0.17,119,486,870,19.7,0
202,Plumber,West,West,0,9,4.3,147,0.85,0.15,170,1276,830,3.7,0
298,Carpenter,West,North,1,13,4.5,59,0.55,0.03,175,1175,962,19.1,0
122,Plumber,South,West,1,6,4.8,15,0.81,0.03,20,1104,1066,15.4,0
90,Carpenter,North,West,1,10,4.1,51,0.6,0.15,175,785,761,5.4,0
271,Electrician,North,North,1,10,3.2,8,0.91,0.27,94,1035,1463,13.9,1
95,Mechanic,South,South,1,7,4.0,91,0.81,0.17,37,337,1198,11.0,1
37,Plumber,South,East,1,7,3.5,153,0.77,0.01,76,714,1099,17.7,1
81,Carpenter,North,South,0,14,4.2,79,0.7,0.02,180,427,1493,12.0,0
135,Plumber,North,East,1,3,3.7,195,0.53,0.06,86,327,782,12.6,0
289,Plumber,East,North,0,9,4.5,20,0.94,0.14,35,754,385,3.0,0
116,Carpenter,West,West,1,13,4.8,58,0.51,0.02,52,1294,1545,21.6,0
10,Mechanic,North,West,1,11,3.3,179,0.71,0.04,114,441,1560,24.6,0
100,Carpenter,West,North,1,1,4.2,58,0.71,0.23,139,1363,393,24.8,1
128,Plumber,North,North,1,2,3.6,80,0.67,0.2,64,798,565,15.4,0
63,Plumber,North,East,0,3,4.0,188,0.91,0.27,58,1108,919,23.6,0
150,Electrician,East,East,1,8,3.2,88,0.95,0.21,161,1195,872,2.4,0
267,Electrician,East,South,1,11,4.6,36,0.52,0.07,114,1129,533,1.0,0
139,Carpenter,West,East,1,1,3.1,156,0.69,0.01,99,987,1209,1.6,1
95,Mechanic,North,East,1,12,3.7,6,0.96,0.23,88,737,1510,5.8,1
223,Mechanic,North,North,1,11,4.9,73,0.93,0.28,120,1068,1472,18.1,0
134,Electrician,West,West,1,14,3.5,3,0.64,0.2,72,375,811,19.4,0
293,Mechanic,North,East,1,10,3.5,167,0.91,0.18,33,828,1464,16.7,0
92,Mechanic,West,North,1,7,3.1,91,0.74,0.25,57,1036,419,14.7,0
283,Carpenter,North,West,1,12,4.6,66,0.93,0.04,163,557,600,21.8,0
120,Plumber,North,South,1,13,3.9,81,0.52,0.22,17,730,827,0.9,0
181,Plumber,South,East,1,8,3.9,130,0.54,0.06,148,960,1151,2.2,0
145,Electrician,North,East,1,5,3.7,104,0.95,0.11,77,1473,363,4.4,1
77,Plumber,North,South,1,8,4.4,189,0.75,0.17,90,640,1075,20.9,1
77,Mechanic,North,North,0,3,4.1,147,0.82,0.22,139,448,1380,20.1,0
269,Mechanic,East,East,1,9,3.6,62,0.66,0.24,94,672,1233,8.2,0
124,Mechanic,West,East,1,8,4.0,92,0.83,0.18,116,1057,770,14.4,0
65,Electrician,West,South,1,12,3.6,80,0.56,0.12,131,503,1479,12.6,0
102,Electrician,West,North,1,6,3.5,141,0.86,0.14,27,458,369,20.9,1
86,Plumber,South,West,0,5,3.3,178,0.78,0.21,32,889,989,15.0,0
24,Plumber,East,West,0,10,3.9,111,0.64,0.14,36,575,1507,23.0,0
43,Electrician,North,East,1,7,3.8,112,0.59,0.22,73,398,775,7.8,0
289,Mechanic,East,East,1,12,3.4,36,0.52,0.28,55,1081,1363,7.3,0
161,Plumber,East,East,1,4,3.5,112,0.61,0.05,68,1441,517,23.2,0
73,Plumber,South,South,1,14,3.1,138,0.77,0.06,127,252,1056,5.5,0
293,Mechanic,West,South,1,4,4.8,183,0.85,0.25,115,1085,1310,6.9,0
143,Plumber,East,North,1,3,4.5,83,0.58,0.1,118,1491,1350,17.0,1
162,Plumber,West,North,0,12,4.0,48,0.92,0.2,162,272,1599,15.9,0
193,Electrician,South,East,1,7,4.6,187,0.75,0.04,164,381,1357,21.5,0
2,Mechanic,North,West,1,3,4.4,9,0.71,0.08,99,1492,1495,6.3,0
272,Electrician,East,South,0,10,4.0,161,0.7,0.11,125,805,497,5.9,0
148,Mechanic,West,East,1,6,3.2,118,0.98,0.2,90,1015,562,19.5,0
251,Mechanic,South,North,1,8,3.4,104,0.53,0.23,68,850,1142,10.1,0
205,Carpenter,North,East,1,3,3.7,11,0.65,0.12,148,541,1397,5.6,0
169,Electrician,North,North,1,1,4.6,85,0.96,0.23,143,329,400,13.2,1
102,Electrician,West,South,1,2,4.8,84,0.71,0.17,65,227,373,21.2,0
270,Plumber,West,West,1,4,3.6,58,0.82,0.21,10,757,553,20.4,0
206,Electrician,East,North,1,8,4.4,195,0.87,0.01,140,1438,610,2.8,0
201,Electrician,East,East,1,11,3.0,70,0.73,0.03,169,1380,1265,9.7,0
114,Mechanic,East,West,1,11,4.1,62,0.69,0.3,102,963,1419,18.0,0
296,Plumber,West,South,1,7,4.1,164,0.66,0.04,163,371,495,14.2,1
251,Electrician,North,South,1,13,3.9,185,0.92,0.23,17,1210,816,10.6,0
78,Plumber,East,West,0,4,4.4,193,0.78,0.15,129,841,782,8.4,0
264,Plumber,North,West,1,6,3.3,3,0.58,0.22,44,604,1196,21.8,0
218,Mechanic,South,West,1,13,4.1,102,0.5,0.04,77,755,1370,8.4,0
289,Electrician,South,East,1,3,4.6,182,0.69,0.18,122,1147,731,23.4,0
70,Electrician,West,North,1,2,3.3,17,1.0,0.0,50,608,492,13.7,0
32,Mechanic,South,North,1,8,4.8,88,0.81,0.28,72,782,1172,14.8,1
207,Carpenter,South,North,1,1,4.5,71,0.59,0.17,34,1269,1502,16.3,1
295,Carpenter,West,South,1,12,3.5,55,0.55,0.24,39,493,637,12.1,1
40,Plumber,South,West,1,7,3.7,128,0.88,0.07,102,972,1089,17.8,0
268,Carpenter,North,South,0,10,4.7,182,0.57,0.13,115,1203,813,17.3,0
223,Carpenter,South,North,0,13,3.9,171,0.67,0.13,159,1346,691,9.9,0
6,Electrician,West,East,1,0,4.2,84,0.55,0.11,66,1229,326,15.4,1
141,Mechanic,West,North,0,11,3.5,160,0.53,0.17,9,1164,1544,16.0,0
243,Plumber,North,East,1,14,4.4,180,0.87,0.26,35,369,1159,20.9,1
228,Plumber,East,North,0,4,5.0,49,0.83,0.22,87,848,646,22.7,0
188,Plumber,West,West,1,10,3.1,49,0.91,0.15,70,371,653,11.4,0
102,Mechanic,South,North,1,8,3.7,87,0.73,0.25,24,1359,1248,2.7,0
94,Plumber,South,East,1,0,4.5,2,0.61,0.11,22,705,930,21.0,0
98,Electrician,East,North,1,4,3.4,35,0.78,0.12,50,758,708,4.8,0
226,Carpenter,North,West,1,5,3.7,164,0.76,0.25,177,549,375,23.8,0
80,Electrician,West,East,1,10,4.6,53,0.67,0.29,143,750,485,13.1,0
112,Mechanic,East,North,0,8,4.3,47,0.74,0.14,84,962,1454,9.8,0
18,Carpenter,North,East,0,0,3.3,121,0.67,0.19,27,583,1033,8.0,0
96,Plumber,West,West,1,11,3.9,102,0.74,0.07,97,1430,991,12.3,0
21,Electrician,North,West,1,4,4.9,102,0.8,0.05,44,815,1522,24.1,0
102,Electrician,South,East,1,0,4.9,79,0.9,0.04,90,1139,1110,4.6,1
76,Electrician,South,East,1,2,3.5,52,0.72,0.22,41,1337,1066,0.6,1
52,Mechanic,West,South,0,10,3.8,118,0.85,0.23,26,993,563,8.3,0
205,Carpenter,East,West,1,8,3.1,125,0.83,0.29,8,654,1546,4.9,1
186,Carpenter,North,West,0,10,3.5,127,0.59,0.06,113,390,995,9.9,0
78,Carpenter,East,West,1,7,3.1,107,0.59,0.12,134,417,1252,20.3,0
52,Mechanic,North,South,1,9,4.0,175,0.73,0.15,173,1022,1165,19.4,0
133,Plumber,West,East,1,11,3.7,136,0.99,0.03,47,1068,1388,19.1,0
41,Electrician,North,East,0,11,4.2,50,0.76,0.18,118,1090,399,11.9,1
251,Mechanic,East,North,0,10,3.7,108,0.67,0.09,8,1311,847,4.9,0
9,Mechanic,East,East,1,9,3.2,187,0.52,0.22,65,558,472,13.6,1
75,Mechanic,West,East,1,7,4.4,62,0.96,0.27,136,1365,1238,1.5,1
20,Electrician,North,West,1,11,3.2,163,0.87,0.13,7,576,826,18.2,0
41,Mechanic,North,South,1,4,4.2,138,0.93,0.07,14,966,1474,12.1,0
224,Carpenter,South,East,1,0,4.2,46,0.84,0.08,106,624,338,19.7,0
141,Carpenter,West,East,1,3,3.0,83,0.61,0.18,157,1143,1504,10.8,0
278,Mechanic,West,North,1,5,3.7,113,0.58,0.26,129,631,1390,17.6,0
131,Mechanic,North,North,1,8,5.0,21,0.6,0.3,96,822,897,18.9,0
240,Plumber,South,South,1,9,3.9,195,0.51,0.29,144,1205,780,9.7,0
194,Plumber,North,West,1,1,4.1,45,0.93,0.23,104,1326,1136,9.1,1
143,Carpenter,East,North,1,10,4.9,195,0.82,0.15,138,1003,761,21.5,1
238,Carpenter,West,South,0,2,3.8,0,0.77,0.1,120,552,501,9.9,0
215,Mechanic,South,North,1,2,4.2,128,1.0,0.18,106,246,965,15.4,1
242,Plumber,East,North,1,14,4.6,99,0.78,0.26,43,1137,1055,18.2,1
242,Electrician,East,South,1,14,3.1,147,0.73,0.07,156,1108,795,20.0,0
257,Plumber,East,South,1,11,4.9,1,0.87,0.2,106,1264,1262,21.6,1
214,Carpenter,North,North,1,13,4.5,74,0.91,0.25,12,944,1118,18.1,1
226,Mechanic,North,North,1,4,4.5,148,0.88,0.03,45,950,1145,16.6,1
125,Mechanic,South,East,1,10,4.4,117,0.95,0.15,64,732,1001,7.7,1
231,Carpenter,East,North,1,2,4.0,6,0.61,0.11,94,796,928,23.6,0
157,Mechanic,West,East,1,12,4.4,37,0.8,0.26,67,666,357,21.3,0
76,Plumber,East,East,1,11,4.7,132,0.7,0.19,45,904,619,14.9,1
268,Carpenter,West,West,1,13,4.1,44,0.74,0.11,173,332,1001,6.0,1
77,Carpenter,North,South,1,7,4.1,163,0.95,0.25,136,667,714,9.4,1
51,Carpenter,North,East,1,8,4.7,137,0.94,0.29,16,1114,1460,13.3,1
94,Electrician,South,West,1,9,3.5,71,0.55,0.06,18,471,1370,7.9,1
125,Mechanic,West,North,1,12,3.1,162,0.54,0.14,115,370,1274,5.3,0
111,Mechanic,East,North,1,13,4.8,184,0.94,0.23,51,1406,1600,15.6,1
1,Carpenter,West,East,1,2,3.7,123,0.76,0.29,78,741,1389,6.6,1
288,Carpenter,West,North,0,2,4.0,81,0.95,0.15,128,534,666,2.1,0
156,Plumber,West,East,1,8,4.6,49,0.89,0.23,56,829,1327,8.0,0
242,Plumber,East,South,1,2,3.6,49,0.88,0.24,42,1449,621,8.5,0
243,Mechanic,East,South,0,7,4.9,77,0.69,0.09,92,845,1221,8.0,0
214,Plumber,West,North,0,5,4.3,35,0.99,0.23,6,614,727,16.7,1
192,Plumber,East,West,1,5,4.1,189,0.6,0.06,130,1101,861,3.1,1
167,Mechanic,West,North,1,6,4.4,180,0.74,0.08,157,1400,1068,2.0,1
176,Carpenter,East,West,0,1,3.9,191,0.54,0.29,107,510,608,15.0,0
288,Plumber,West,South,1,8,4.5,66,0.78,0.25,178,244,587,19.4,1
161,Carpenter,West,South,1,7,3.5,92,0.67,0.2,68,722,1536,18.8,1
62,Mechanic,West,West,1,12,3.1,135,0.53,0.3,97,233,1458,11.2,1
259,Carpenter,West,East,1,10,3.1,19,0.78,0.29,30,1289,624,20.1,0
45,Mechanic,South,North,1,6,4.6,119,0.73,0.26,40,876,449,5.0,0
233,Mechanic,North,West,1,0,4.2,99,0.51,0.07,111,508,830,21.5,0
168,Mechanic,South,East,0,11,4.7,39,0.59,0.04,80,571,506,1.1,0
21,Electrician,East,North,1,5,4.9,168,0.6,0.09,110,755,777,23.4,1
182,Plumber,South,West,1,6,3.1,190,0.93,0.06,14,1115,1198,10.3,1
195,Plumber,North,South,1,9,4.4,31,0.58,0.06,127,1438,1033,18.9,0
98,Electrician,North,East,1,8,3.2,116,0.51,0.11,109,1019,504,9.2,0
34,Mechanic,East,South,0,1,4.3,99,0.94,0.0,72,862,392,3.9,1
290,Plumber,South,South,1,7,4.5,15,0.8,0.06,171,800,1061,15.6,0
215,Electrician,South,South,1,12,4.3,93,0.94,0.03,43,261,1318,5.5,1
192,Carpenter,East,North,1,5,3.1,120,0.52,0.26,106,295,1404,9.7,0
269,Electrician,South,North,1,14,3.4,107,0.99,0.03,123,1151,1150,21.5,0
69,Plumber,East,West,1,14,3.5,82,0.83,0.11,159,397,1278,12.6,0
293,Electrician,South,South,1,12,4.9,57,0.83,0.22,105,778,1559,3.1,1
95,Carpenter,East,West,1,8,4.0,68,0.88,0.04,110,967,597,14.7,0
18,Mechanic,North,South,0,0,3.3,8,0.92,0.07,103,860,323,14.5,0
177,Electrician,West,West,0,7,4.2,139,0.72,0.22,169,1253,990,8.8,0
131,Carpenter,West,West,1,10,4.7,195,0.76,0.02,95,1073,352,24.1,1
117,Mechanic,North,North,1,4,3.3,88,0.65,0.13,23,1233,673,10.2,0
262,Electrician,South,South,1,3,4.5,90,0.76,0.23,146,1286,1375,1.7,0
277,Electrician,South,East,1,10,3.3,162,0.93,0.07,40,1307,1548,10.9,1
26,Mechanic,East,West,0,6,4.8,119,0.66,0.22,78,200,453,6.7,0
160,Electrician,North,North,1,2,3.3,41,0.88,0.24,64,1001,626,16.3,0
100,Electrician,East,North,1,4,3.3,102,0.56,0.22,174,510,721,11.4,0
168,Plumber,North,East,1,12,4.3,120,0.62,0.13,33,1308,1549,11.6,1
175,Carpenter,North,West,1,4,3.2,119,0.71,0.05,179,1197,896,6.0,0
186,Electrician,West,West,1,10,3.2,197,0.64,0.22,72,715,1340,8.6,0
129,Carpenter,North,North,1,12,4.0,149,0.75,0.18,172,744,512,24.9,0
250,Mechanic,West,North,1,9,4.7,164,0.98,0.17,32,688,1038,14.7,1
216,Mechanic,North,East,1,7,4.7,146,0.93,0.01,104,1486,1184,16.9,1
291,Electrician,North,East,1,14,3.8,7,0.86,0.25,66,934,1004,9.1,0
142,Mechanic,North,East,1,10,3.5,41,0.6,0.23,142,859,1121,19.0,0
89,Mechanic,North,East,1,8,4.5,58,0.66,0.09,25,1031,940,15.7,0
196,Electrician,East,West,1,12,3.9,92,0.88,0.29,84,232,528,5.1,1
260,Carpenter,South,West,1,1,3.4,23,0.86,0.27,171,1028,839,4.1,0
182,Mechanic,South,West,1,11,4.6,75,0.81,0.29,84,660,1206,20.7,1
80,Carpenter,North,West,1,11,5.0,62,0.94,0.13,57,497,325,7.8,0
248,Mechanic,West,South,1,13,4.0,102,0.81,0.27,101,735,1045,20.2,0
190,Carpenter,South,East,1,1,4.9,34,0.66,0.25,65,1302,1485,3.7,0
260,Mechanic,East,North,1,9,3.5,89,0.86,0.19,143,658,1252,7.1,0
236,Mechanic,West,West,1,2,3.0,114,0.78,0.02,90,1176,602,2.1,0
142,Carpenter,North,West,1,12,4.9,101,0.61,0.14,139,823,976,6.2,0
261,Mechanic,South,East,0,9,3.1,193,0.68,0.04,20,1457,430,13.5,0
100,Electrician,South,South,1,14,4.0,30,0.67,0.03,105,1375,1093,20.2,0
243,Electrician,East,South,1,5,3.4,110,0.94,0.15,49,733,1122,5.4,1
42,Carpenter,West,North,1,0,4.8,15,0.99,0.02,97,395,645,0.5,0
7,Plumber,East,West,1,12,4.8,144,0.69,0.02,46,586,1571,12.7,1
177,Plumber,South,East,1,14,3.9,197,0.59,0.04,115,262,1574,1.4,1
62,Carpenter,East,North,1,2,4.2,42,0.95,0.15,156,517,1555,23.0,0
281,Mechanic,West,North,1,1,3.7,93,0.57,0.29,127,585,1127,1.5,1
246,Plumber,North,East,0,9,4.2,136,0.76,0.23,166,611,878,8.3,0
102,Carpenter,West,West,1,1,4.0,125,0.55,0.17,158,996,926,12.7,0
148,Plumber,North,South,0,4,4.8,191,0.95,0.16,166,842,398,13.6,1
156,Mechanic,South,East,0,0,4.6,175,0.94,0.22,136,565,1341,9.6,0
110,Plumber,West,South,0,11,3.6,182,0.6,0.06,165,1455,331,1.6,0
60,Carpenter,North,South,1,14,4.7,45,0.99,0.25,97,1023,391,4.3,0
133,Mechanic,East,South,0,10,4.5,69,0.7,0.0,107,972,869,21.1,0
250,Carpenter,North,West,1,12,3.9,169,0.84,0.02,31,436,625,22.6,1
94,Carpenter,South,East,0,11,4.9,101,0.64,0.09,147,735,522,19.1,0
104,Plumber,West,South,1,0,3.9,27,0.56,0.01,101,577,471,19.2,0
124,Mechanic,East,West,1,7,4.2,10,0.83,0.15,50,630,951,1.6,1
79,Carpenter,East,South,1,3,4.8,14,0.7,0.05,76,1235,430,6.0,0
172,Mechanic,North,West,1,3,4.2,73,0.78,0.04,83,316,528,17.3,0
274,Plumber,South,East,1,2,4.8,175,0.62,0.11,146,319,1093,19.3,1
115,Plumber,North,North,1,14,4.0,146,0.82,0.08,159,992,1220,22.8,1
252,Carpenter,East,West,1,14,3.3,137,0.94,0.07,75,557,1095,25.0,0
189,Plumber,West,East,1,7,3.8,138,0.93,0.3,34,1483,1022,5.6,0
214,Mechanic,West,West,0,7,3.7,83,0.83,0.04,137,621,803,5.8,0
100,Carpenter,West,West,1,4,3.4,36,0.74,0.16,117,815,1577,10.6,0
173,Electrician,West,West,1,7,3.0,52,0.69,0.2,71,1353,619,16.2,0
102,Electrician,West,East,1,13,4.5,195,0.97,0.09,158,1286,1586,22.0,0
34,Plumber,North,North,0,13,3.1,23,0.66,0.27,53,508,736,8.0,1
162,Mechanic,West,East,1,4,3.6,143,0.58,0.26,43,1050,542,13.5,0
82,Mechanic,East,South,0,10,4.9,113,0.55,0.01,99,1168,1076,12.2,0
186,Mechanic,South,West,0,7,4.9,145,0.67,0.1,23,957,441,4.8,0
202,Electrician,North,South,0,5,3.6,21,0.68,0.3,128,232,1573,22.3,0
87,Carpenter,East,South,1,8,4.8,6,0.74,0.27,15,689,927,6.9,0
173,Plumber,East,West,1,5,4.1,33,0.94,0.28,4,1374,339,7.9,0
241,Mechanic,West,North,1,4,4.4,85,0.68,0.15,110,1033,1000,3.7,1
134,Electrician,West,East,1,14,3.9,171,0.54,0.2,83,1242,532,1.1,1
55,Electrician,North,South,1,2,4.1,60,0.89,0.26,4,227,998,21.8,0
80,Mechanic,East,North,1,0,4.4,51,0.96,0.28,49,387,487,0.6,0
120,Electrician,North,North,1,10,4.1,121,0.91,0.21,128,1439,681,12.0,0
32,Mechanic,South,North,1,3,3.5,138,0.79,0.06,33,355,685,5.1,1
117,Electrician,West,East,1,8,4.3,55,0.71,0.25,63,1286,314,16.5,0
129,Carpenter,South,North,1,7,3.7,187,0.53,0.23,112,363,1213,0.8,0
46,Carpenter,East,North,1,11,4.7,115,0.68,0.24,96,1223,914,19.2,0
98,Electrician,South,North,1,6,3.9,118,0.66,0.24,105,1149,1251,11.6,1
198,Mechanic,North,South,1,6,5.0,161,0.57,0.11,113,553,609,15.0,1
49,Plumber,West,West,1,5,3.4,127,0.7,0.09,142,768,766,5.2,0
256,Mechanic,West,South,1,10,3.1,27,0.53,0.1,124,1444,892,4.0,0
254,Electrician,West,West,1,4,4.3,86,0.82,0.21,111,1452,549,15.2,0
175,Carpenter,South,East,1,7,3.1,114,0.69,0.07,85,678,940,16.0,0
244,Carpenter,East,East,1,14,3.3,82,0.89,0.17,60,1414,1548,6.3,0
251,Mechanic,North,East,1,1,3.8,37,0.81,0.02,127,1147,1534,22.6,0
137,Plumber,West,West,1,12,4.5,182,0.57,0.25,17,1170,805,6.0,1
183,Mechanic,South,East,0,7,5.0,154,0.94,0.06,167,585,1523,15.3,1
32,Electrician,East,South,1,6,4.4,2,0.65,0.06,77,251,359,16.5,0
41,Carpenter,West,South,1,6,4.1,152,0.72,0.09,72,1133,865,5.3,0
146,Electrician,South,East,0,1,3.1,83,0.78,0.11,82,968,1426,1.1,0
166,Mechanic,South,East,1,12,3.1,72,0.66,0.23,12,1247,414,18.2,0
255,Plumber,North,South,1,8,3.3,182,0.62,0.23,93,892,466,10.6,0
253,Mechanic,North,West,1,6,4.4,140,0.91,0.24,116,525,536,19.2,0
117,Electrician,North,North,1,13,4.4,122,0.52,0.07,61,512,581,12.8,1
203,Plumber,East,West,1,11,4.4,140,0.53,0.06,11,627,770,14.8,1
42,Carpenter,South,West,1,8,3.0,160,0.87,0.08,144,966,1346,10.0,0
132,Carpenter,South,East,0,6,3.2,73,0.73,0.13,168,1248,1130,5.5,0
199,Plumber,South,South,1,11,4.5,176,0.84,0.27,79,939,1249,1.8,1
291,Carpenter,South,North,1,3,4.7,85,0.6,0.28,101,870,1237,24.6,0
85,Mechanic,West,East,1,10,4.7,63,0.54,0.03,2,263,1568,1.7,1
141,Plumber,East,West,1,9,4.9,24,0.53,0.06,50,1066,1063,2.4,1
12,Carpenter,North,North,1,4,3.9,52,0.56,0.19,176,262,1275,4.8,1
121,Mechanic,East,East,1,9,4.0,187,0.85,0.06,103,972,361,1.4,1
239,Mechanic,South,North,1,0,4.3,197,0.94,0.21,124,615,847,1.1,1
97,Electrician,West,North,0,0,4.7,111,0.78,0.21,61,296,886,9.4,0
234,Mechanic,South,East,1,5,4.5,138,0.57,0.22,90,1033,656,14.7,0
178,Carpenter,South,West,1,6,3.7,110,0.54,0.08,37,881,1034,16.3,0
277,Electrician,North,East,1,13,5.0,37,0.8,0.16,42,1374,585,24.4,0
203,Plumber,West,North,0,8,3.1,26,0.79,0.08,142,537,764,17.3,0
251,Plumber,East,East,1,6,4.0,100,0.61,0.11,106,417,762,16.2,0
97,Plumber,North,West,1,1,4.4,78,0.62,0.12,55,1309,497,23.8,0
9,Plumber,East,North,1,13,4.6,18,0.53,0.14,32,1064,1032,16.7,1
154,Carpenter,West,East,1,6,4.2,122,0.82,0.18,175,1206,364,12.7,0
